1672531200000,0.33890000,0.34000000,0.33540000,0.33870000,102026821.00000000,1672617599999,34471638.57140000,48661,53592277.00000000,18107900.64750000,0,1675209600000,0.40580000,0.41570000,0.39620000,0.41310000,379103907.00000000,1675295999999,153259801.56710000,186726,184988147.00000000,74752103.68100000,1677628800000,0.37620000,0.38480000,0.37260000,0.38350000,317577485.00000000,1677715199999,120585971.92440000,134548,161512541.00000000,61296409.52520000,1680307200000,0.53750000,0.53750000.1,0.49720000,0.50950000,516087832.00000000,1680393599999,265787844.02020000,373082,244916636.00000000,126161104.91480000,1682899200000,0.47050000,0.47240000,0.45440000,0.46490000,338231418.00000000,1682985599999,156703971.89150000,167097,193187591.00000000,89537279.02220000,1685577600000,0.51670000,0.51670000.1,0.50140000,0.50650000,320782418.00000000,1685663999999,162638528.15770000,197787,170293802.00000000,86386467.45800000,1688169600000,0.47300000,0.47600000,0.46400000,0.47320000,232549409.00000000,1688255999999,109210900.26880000,114813,112551888.00000000,52843353.73150000,1690848000000,0.69760000,0.70820000,0.67320000,0.70690000,366664318.00000000,1690934399999,253808721.41830000,249515,191698094.00000000,132712479.69280000,1693526400000,0.51100000,0.51200000,0.48640000,0.49800000,390869888.00000000,1693612799999,196180468.74220000,155643,204079025.00000000,102455148.54360000,1696118400000,0.51480000,0.52600000,0.51370000,0.52410000,167673504.00000000,1696204799999,87152009.18620000,93784,80609393.00000000,41896257.20440000,1698796800000,0.59950000,0.61640000,0.58020000,0.60850000,468312081.00000000,1698883199999,281452760.38420000,300657,226083979.00000000,135895146.65350000
1672617600000.0,0.3386,0.3555,0.3,0.3482,647520487.0,1672703999999.0,217803999.7446,285660.0,320823575.0,108056946.6236,0,,,,,,,,,,,,,,,,,,,,,,,,,,,,,,,,,,,,,,,,,,,,,,,,,,,,,,,,,,,,,,,,,,,,,,,,,,,,,,,,,,,,,,,,,,,,,,,,,,,,,,,,,,,,,,
1672704000000.0,0.3482,0.352,0.3395,0.3436,346410334.0,1672790399999.0,119511328.6711,154113.0,172318472.0,59448460.9027,0,,,,,,,,,,,,,,,,,,,,,,,,,,,,,,,,,,,,,,,,,,,,,,,,,,,,,,,,,,,,,,,,,,,,,,,,,,,,,,,,,,,,,,,,,,,,,,,,,,,,,,,,,,,,,,
1672790400000.0,0.3436,0.3605,0.339,0.3472,372672796.0,1672876799999.0,129585304.7284,147677.0,193027855.0,67139279.1042,0,,,,,,,,,,,,,,,,,,,,,,,,,,,,,,,,,,,,,,,,,,,,,,,,,,,,,,,,,,,,,,,,,,,,,,,,,,,,,,,,,,,,,,,,,,,,,,,,,,,,,,,,,,,,,,
1672876800000.0,0.3471,0.3487,0.3333,0.338,265529668.0,1672963199999.0,90735849.1365,106910.0,129294274.0,44187813.6661,0,,,,,,,,,,,,,,,,,,,,,,,,,,,,,,,,,,,,,,,,,,,,,,,,,,,,,,,,,,,,,,,,,,,,,,,,,,,,,,,,,,,,,,,,,,,,,,,,,,,,,,,,,,,,,,
1672963200000.0,0.338,0.3462,0.3311,0.3443,278304929.0,1673049599999.0,93853937.033,124811.0,141179233.0,47616379.1864,0,,,,,,,,,,,,,,,,,,,,,,,,,,,,,,,,,,,,,,,,,,,,,,,,,,,,,,,,,,,,,,,,,,,,,,,,,,,,,,,,,,,,,,,,,,,,,,,,,,,,,,,,,,,,,,
1673049600000.0,0.3442,0.3457,0.3413,0.3442,103851424.0,1673135999999.0,35685499.4695,54864.0,50831317.0,17471422.5729,0,,,,,,,,,,,,,,,,,,,,,,,,,,,,,,,,,,,,,,,,,,,,,,,,,,,,,,,,,,,,,,,,,,,,,,,,,,,,,,,,,,,,,,,,,,,,,,,,,,,,,,,,,,,,,,
1673136000000.0,0.3442,0.3469,0.3354,0.3452,185516324.0,1673222399999.0,63235820.0018,87967.0,92948507.0,31689407.3897,0,,,,,,,,,,,,,,,,,,,,,,,,,,,,,,,,,,,,,,,,,,,,,,,,,,,,,,,,,,,,,,,,,,,,,,,,,,,,,,,,,,,,,,,,,,,,,,,,,,,,,,,,,,,,,,
1673222400000.0,0.3452,0.3576,0.3437,0.349,527746615.0,1673308799999.0,185161444.2836,207757.0,254824357.0,89419804.3749,0,,,,,,,,,,,,,,,,,,,,,,,,,,,,,,,,,,,,,,,,,,,,,,,,,,,,,,,,,,,,,,,,,,,,,,,,,,,,,,,,,,,,,,,,,,,,,,,,,,,,,,,,,,,,,,
1673308800000.0,0.3489,0.3541,0.3432,0.3507,338577860.0,1673395199999.0,118256165.1944,126247.0,173055172.0,60442037.7148,0,,,,,,,,,,,,,,,,,,,,,,,,,,,,,,,,,,,,,,,,,,,,,,,,,,,,,,,,,,,,,,,,,,,,,,,,,,,,,,,,,,,,,,,,,,,,,,,,,,,,,,,,,,,,,,
1673395200000.0,0.3506,0.3785,0.3477,0.3728,626037461.0,1673481599999.0,228637315.3745,264481.0,316060030.0,115363462.2207,0,,,,,,,,,,,,,,,,,,,,,,,,,,,,,,,,,,,,,,,,,,,,,,,,,,,,,,,,,,,,,,,,,,,,,,,,,,,,,,,,,,,,,,,,,,,,,,,,,,,,,,,,,,,,,,
1673481600000.0,0.3728,0.382,0.3607,0.3748,505754231.0,1673567999999.0,188241999.7211,229155.0,249878743.0,93006864.7471,0,,,,,,,,,,,,,,,,,,,,,,,,,,,,,,,,,,,,,,,,,,,,,,,,,,,,,,,,,,,,,,,,,,,,,,,,,,,,,,,,,,,,,,,,,,,,,,,,,,,,,,,,,,,,,,
1673568000000.0,0.3748,0.3868,0.368,0.3858,405120914.0,1673654399999.0,152479844.0566,180943.0,201571197.0,75872846.4057,0,,,,,,,,,,,,,,,,,,,,,,,,,,,,,,,,,,,,,,,,,,,,,,,,,,,,,,,,,,,,,,,,,,,,,,,,,,,,,,,,,,,,,,,,,,,,,,,,,,,,,,,,,,,,,,
1673654400000.0,0.3857,0.4089,0.3766,0.3953,582781070.0,1673740799999.0,230545836.1881,298604.0,287515587.0,113750224.0849,0,,,,,,,,,,,,,,,,,,,,,,,,,,,,,,,,,,,,,,,,,,,,,,,,,,,,,,,,,,,,,,,,,,,,,,,,,,,,,,,,,,,,,,,,,,,,,,,,,,,,,,,,,,,,,,
1673740800000.0,0.3953,0.3969,0.3795,0.3845,294014260.0,1673827199999.0,113574492.6617,149500.0,140444062.0,54247747.6838,0,,,,,,,,,,,,,,,,,,,,,,,,,,,,,,,,,,,,,,,,,,,,,,,,,,,,,,,,,,,,,,,,,,,,,,,,,,,,,,,,,,,,,,,,,,,,,,,,,,,,,,,,,,,,,,
1673827200000.0,0.3846,0.4064,0.3777,0.3855,542041099.0,1673913599999.0,211557382.1895,244213.0,259538816.0,101299609.1732,0,,,,,,,,,,,,,,,,,,,,,,,,,,,,,,,,,,,,,,,,,,,,,,,,,,,,,,,,,,,,,,,,,,,,,,,,,,,,,,,,,,,,,,,,,,,,,,,,,,,,,,,,,,,,,,
1673913600000.0,0.3855,0.3987,0.379,0.3868,378212343.0,1673999999999.0,146669509.5433,175149.0,183711027.0,71232383.4436,0,,,,,,,,,,,,,,,,,,,,,,,,,,,,,,,,,,,,,,,,,,,,,,,,,,,,,,,,,,,,,,,,,,,,,,,,,,,,,,,,,,,,,,,,,,,,,,,,,,,,,,,,,,,,,,
1674000000000.0,0.3868,0.3964,0.3655,0.3782,615064764.0,1674086399999.0,236217050.68,297896.0,294249478.0,113039586.9665,0,,,,,,,,,,,,,,,,,,,,,,,,,,,,,,,,,,,,,,,,,,,,,,,,,,,,,,,,,,,,,,,,,,,,,,,,,,,,,,,,,,,,,,,,,,,,,,,,,,,,,,,,,,,,,,
1674086400000.0,0.3782,0.3965,0.3762,0.3928,416112670.0,1674172799999.0,161047075.7657,194843.0,204941131.0,79300131.8557,0,,,,,,,,,,,,,,,,,,,,,,,,,,,,,,,,,,,,,,,,,,,,,,,,,,,,,,,,,,,,,,,,,,,,,,,,,,,,,,,,,,,,,,,,,,,,,,,,,,,,,,,,,,,,,,
1674172800000.0,0.3929,0.4141,0.3859,0.4129,366316527.0,1674259199999.0,145683006.8193,191888.0,188711387.0,74980784.293,0,,,,,,,,,,,,,,,,,,,,,,,,,,,,,,,,,,,,,,,,,,,,,,,,,,,,,,,,,,,,,,,,,,,,,,,,,,,,,,,,,,,,,,,,,,,,,,,,,,,,,,,,,,,,,,
1674259200000.0,0.4129,0.4166,0.3967,0.4034,346602583.0,1674345599999.0,141823531.5831,198254.0,165478405.0,67719633.2972,0,,,,,,,,,,,,,,,,,,,,,,,,,,,,,,,,,,,,,,,,,,,,,,,,,,,,,,,,,,,,,,,,,,,,,,,,,,,,,,,,,,,,,,,,,,,,,,,,,,,,,,,,,,,,,,
1674345600000.0,0.4034,0.4122,0.3962,0.4004,250067543.0,1674431999999.0,101062837.4732,140303.0,120634816.0,48755338.5511,0,,,,,,,,,,,,,,,,,,,,,,,,,,,,,,,,,,,,,,,,,,,,,,,,,,,,,,,,,,,,,,,,,,,,,,,,,,,,,,,,,,,,,,,,,,,,,,,,,,,,,,,,,,,,,,
1674432000000.0,0.4004,0.433,0.3995,0.4234,723894773.0,1674518399999.0,304618525.3061,337146.0,336521405.0,141588487.1564,0,,,,,,,,,,,,,,,,,,,,,,,,,,,,,,,,,,,,,,,,,,,,,,,,,,,,,,,,,,,,,,,,,,,,,,,,,,,,,,,,,,,,,,,,,,,,,,,,,,,,,,,,,,,,,,
1674518400000.0,0.4233,0.4312,0.4025,0.4078,411297898.0,1674604799999.0,172683239.9344,223346.0,192361934.0,80790644.3698,0,,,,,,,,,,,,,,,,,,,,,,,,,,,,,,,,,,,,,,,,,,,,,,,,,,,,,,,,,,,,,,,,,,,,,,,,,,,,,,,,,,,,,,,,,,,,,,,,,,,,,,,,,,,,,,
1674604800000.0,0.4079,0.4245,0.3965,0.417,375065459.0,1674691199999.0,153118088.976,188870.0,186827318.0,76244377.7797,0,,,,,,,,,,,,,,,,,,,,,,,,,,,,,,,,,,,,,,,,,,,,,,,,,,,,,,,,,,,,,,,,,,,,,,,,,,,,,,,,,,,,,,,,,,,,,,,,,,,,,,,,,,,,,,
1674691200000.0,0.417,0.4178,0.4053,0.4092,290069659.0,1674777599999.0,119450988.2924,151650.0,143837698.0,59220498.8163,0,,,,,,,,,,,,,,,,,,,,,,,,,,,,,,,,,,,,,,,,,,,,,,,,,,,,,,,,,,,,,,,,,,,,,,,,,,,,,,,,,,,,,,,,,,,,,,,,,,,,,,,,,,,,,,
1674777600000.0,0.4091,0.4135,0.3988,0.4128,274281738.0,1674863999999.0,111625093.023,133853.0,136378774.0,55507502.5641,0,,,,,,,,,,,,,,,,,,,,,,,,,,,,,,,,,,,,,,,,,,,,,,,,,,,,,,,,,,,,,,,,,,,,,,,,,,,,,,,,,,,,,,,,,,,,,,,,,,,,,,,,,,,,,,
1674864000000.0,0.4127,0.4168,0.4055,0.4078,148949278.0,1674950399999.0,61120997.8106,83036.0,70856591.0,29083649.2834,0,,,,,,,,,,,,,,,,,,,,,,,,,,,,,,,,,,,,,,,,,,,,,,,,,,,,,,,,,,,,,,,,,,,,,,,,,,,,,,,,,,,,,,,,,,,,,,,,,,,,,,,,,,,,,,
1674950400000.0,0.4078,0.4173,0.4066,0.4134,166884667.0,1675036799999.0,68802706.7642,95305.0,79235849.0,32669617.3421,0,,,,,,,,,,,,,,,,,,,,,,,,,,,,,,,,,,,,,,,,,,,,,,,,,,,,,,,,,,,,,,,,,,,,,,,,,,,,,,,,,,,,,,,,,,,,,,,,,,,,,,,,,,,,,,
1675036800000.0,0.4135,0.4222,0.386,0.3934,433795926.0,1675123199999.0,174875593.0656,205691.0,213480378.0,86141832.6055,0,,,,,,,,,,,,,,,,,,,,,,,,,,,,,,,,,,,,,,,,,,,,,,,,,,,,,,,,,,,,,,,,,,,,,,,,,,,,,,,,,,,,,,,,,,,,,,,,,,,,,,,,,,,,,,
1675123200000.0,0.3933,0.4113,0.388,0.4057,346580963.0,1675209599999.0,138238341.7796,166935.0,174978218.0,69716355.9451,0,,,,,,,,,,,,,,,,,,,,,,,,,,,,,,,,,,,,,,,,,,,,,,,,,,,,,,,,,,,,,,,,,,,,,,,,,,,,,,,,,,,,,,,,,,,,,,,,,,,,,,,,,,,,,,
,,,,,,,,,,,0,1675296000000.0,0.4132,0.4192,0.408,0.4098,322532370.0,1675382399999.0,133341656.2179,165464.0,163472668.0,67587785.7721,,,,,,,,,,,,,,,,,,,,,,,,,,,,,,,,,,,,,,,,,,,,,,,,,,,,,,,,,,,,,,,,,,,,,,,,,,,,,,,,,,,,,,,,,,,,,,,,,,,
,,,,,,,,,,,0,1675382400000.0,0.4097,0.4137,0.4054,0.4117,274689680.0,1675468799999.0,112603154.4869,133447.0,141671977.0,58080968.9055,,,,,,,,,,,,,,,,,,,,,,,,,,,,,,,,,,,,,,,,,,,,,,,,,,,,,,,,,,,,,,,,,,,,,,,,,,,,,,,,,,,,,,,,,,,,,,,,,,,
,,,,,,,,,,,0,1675468800000.0,0.4116,0.4204,0.4075,0.4106,178134111.0,1675555199999.0,73370958.019,95986.0,83662124.0,34471548.4624,,,,,,,,,,,,,,,,,,,,,,,,,,,,,,,,,,,,,,,,,,,,,,,,,,,,,,,,,,,,,,,,,,,,,,,,,,,,,,,,,,,,,,,,,,,,,,,,,,,
,,,,,,,,,,,0,1675555200000.0,0.4106,0.412,0.3942,0.3984,237111362.0,1675641599999.0,95563098.0889,134236.0,112747647.0,45453079.203,,,,,,,,,,,,,,,,,,,,,,,,,,,,,,,,,,,,,,,,,,,,,,,,,,,,,,,,,,,,,,,,,,,,,,,,,,,,,,,,,,,,,,,,,,,,,,,,,,,
,,,,,,,,,,,0,1675641600000.0,0.3985,0.4037,0.3909,0.392,315995053.0,1675727999999.0,125897156.2863,145740.0,159859675.0,63699592.1238,,,,,,,,,,,,,,,,,,,,,,,,,,,,,,,,,,,,,,,,,,,,,,,,,,,,,,,,,,,,,,,,,,,,,,,,,,,,,,,,,,,,,,,,,,,,,,,,,,,
,,,,,,,,,,,0,1675728000000.0,0.3921,0.4048,0.3901,0.4036,356160688.0,1675814399999.0,141141108.6065,145406.0,183248723.0,72607710.1102,,,,,,,,,,,,,,,,,,,,,,,,,,,,,,,,,,,,,,,,,,,,,,,,,,,,,,,,,,,,,,,,,,,,,,,,,,,,,,,,,,,,,,,,,,,,,,,,,,,
,,,,,,,,,,,0,1675814400000.0,0.4037,0.406,0.3936,0.3975,263188839.0,1675900799999.0,105265066.8744,104320.0,123235097.0,49287325.6565,,,,,,,,,,,,,,,,,,,,,,,,,,,,,,,,,,,,,,,,,,,,,,,,,,,,,,,,,,,,,,,,,,,,,,,,,,,,,,,,,,,,,,,,,,,,,,,,,,,
,,,,,,,,,,,0,1675900800000.0,0.3975,0.4092,0.3726,0.3819,526681339.0,1675987199999.0,206981490.6035,255958.0,250575924.0,98553873.5392,,,,,,,,,,,,,,,,,,,,,,,,,,,,,,,,,,,,,,,,,,,,,,,,,,,,,,,,,,,,,,,,,,,,,,,,,,,,,,,,,,,,,,,,,,,,,,,,,,,
,,,,,,,,,,,0,1675987200000.0,0.3818,0.3878,0.3771,0.3817,279931749.0,1676073599999.0,107300522.3004,129469.0,139730701.0,53554602.2296,,,,,,,,,,,,,,,,,,,,,,,,,,,,,,,,,,,,,,,,,,,,,,,,,,,,,,,,,,,,,,,,,,,,,,,,,,,,,,,,,,,,,,,,,,,,,,,,,,,
,,,,,,,,,,,0,1676073600000.0,0.3818,0.3841,0.3798,0.3833,123179600.0,1676159999999.0,47064308.7616,59338.0,54359454.0,20769517.1762,,,,,,,,,,,,,,,,,,,,,,,,,,,,,,,,,,,,,,,,,,,,,,,,,,,,,,,,,,,,,,,,,,,,,,,,,,,,,,,,,,,,,,,,,,,,,,,,,,,
,,,,,,,,,,,0,1676160000000.0,0.3834,0.385,0.3716,0.3747,135976322.0,1676246399999.0,51727784.2532,70222.0,62447787.0,23753707.6288,,,,,,,,,,,,,,,,,,,,,,,,,,,,,,,,,,,,,,,,,,,,,,,,,,,,,,,,,,,,,,,,,,,,,,,,,,,,,,,,,,,,,,,,,,,,,,,,,,,
,,,,,,,,,,,0,1676246400000.0,0.3747,0.3783,0.3612,0.3703,382768169.0,1676332799999.0,141477064.7839,158099.0,190350024.0,70362221.9661,,,,,,,,,,,,,,,,,,,,,,,,,,,,,,,,,,,,,,,,,,,,,,,,,,,,,,,,,,,,,,,,,,,,,,,,,,,,,,,,,,,,,,,,,,,,,,,,,,,
,,,,,,,,,,,0,1676332800000.0,0.3703,0.3839,0.3644,0.3819,372274074.0,1676419199999.0,138499878.2798,160722.0,196180773.0,72994759.0715,,,,,,,,,,,,,,,,,,,,,,,,,,,,,,,,,,,,,,,,,,,,,,,,,,,,,,,,,,,,,,,,,,,,,,,,,,,,,,,,,,,,,,,,,,,,,,,,,,,
,,,,,,,,,,,0,1676419200000.0,0.3819,0.4024,0.3765,0.4011,370966882.0,1676505599999.0,143859246.6086,150550.0,183280682.0,71037186.5248,,,,,,,,,,,,,,,,,,,,,,,,,,,,,,,,,,,,,,,,,,,,,,,,,,,,,,,,,,,,,,,,,,,,,,,,,,,,,,,,,,,,,,,,,,,,,,,,,,,
,,,,,,,,,,,0,1676505600000.0,0.401,0.4048,0.384,0.3841,450636395.0,1676591999999.0,179200203.6661,193412.0,225043586.0,89555461.717,,,,,,,,,,,,,,,,,,,,,,,,,,,,,,,,,,,,,,,,,,,,,,,,,,,,,,,,,,,,,,,,,,,,,,,,,,,,,,,,,,,,,,,,,,,,,,,,,,,
,,,,,,,,,,,0,1676592000000.0,0.3841,0.4,0.3809,0.395,358052399.0,1676678399999.0,139644124.6396,149639.0,187919337.0,73283588.7734,,,,,,,,,,,,,,,,,,,,,,,,,,,,,,,,,,,,,,,,,,,,,,,,,,,,,,,,,,,,,,,,,,,,,,,,,,,,,,,,,,,,,,,,,,,,,,,,,,,
,,,,,,,,,,,0,1676678400000.0,0.3949,0.3976,0.3911,0.3943,145625421.0,1676764799999.0,57400872.4426,73236.0,69380555.0,27349230.4521,,,,,,,,,,,,,,,,,,,,,,,,,,,,,,,,,,,,,,,,,,,,,,,,,,,,,,,,,,,,,,,,,,,,,,,,,,,,,,,,,,,,,,,,,,,,,,,,,,,
,,,,,,,,,,,0,1676764800000.0,0.3942,0.3981,0.3845,0.3863,237992952.0,1676851199999.0,93146713.9362,120434.0,116193819.0,45470936.4997,,,,,,,,,,,,,,,,,,,,,,,,,,,,,,,,,,,,,,,,,,,,,,,,,,,,,,,,,,,,,,,,,,,,,,,,,,,,,,,,,,,,,,,,,,,,,,,,,,,
,,,,,,,,,,,0,1676851200000.0,0.3862,0.409,0.3774,0.3984,557018367.0,1676937599999.0,220336014.7363,224246.0,278894507.0,110244972.671,,,,,,,,,,,,,,,,,,,,,,,,,,,,,,,,,,,,,,,,,,,,,,,,,,,,,,,,,,,,,,,,,,,,,,,,,,,,,,,,,,,,,,,,,,,,,,,,,,,
,,,,,,,,,,,0,1676937600000.0,0.3985,0.4025,0.3872,0.3919,448284088.0,1677023999999.0,176374645.4901,170551.0,225085280.0,88578978.1016,,,,,,,,,,,,,,,,,,,,,,,,,,,,,,,,,,,,,,,,,,,,,,,,,,,,,,,,,,,,,,,,,,,,,,,,,,,,,,,,,,,,,,,,,,,,,,,,,,,
,,,,,,,,,,,0,1677024000000.0,0.392,0.3977,0.3828,0.3953,389277544.0,1677110399999.0,151813602.9011,161983.0,199048660.0,77597400.0916,,,,,,,,,,,,,,,,,,,,,,,,,,,,,,,,,,,,,,,,,,,,,,,,,,,,,,,,,,,,,,,,,,,,,,,,,,,,,,,,,,,,,,,,,,,,,,,,,,,
,,,,,,,,,,,0,1677110400000.0,0.3953,0.3979,0.3853,0.3882,348351954.0,1677196799999.0,136524364.7895,151055.0,185760178.0,72805734.0508,,,,,,,,,,,,,,,,,,,,,,,,,,,,,,,,,,,,,,,,,,,,,,,,,,,,,,,,,,,,,,,,,,,,,,,,,,,,,,,,,,,,,,,,,,,,,,,,,,,
,,,,,,,,,,,0,1677196800000.0,0.3883,0.3908,0.3723,0.3783,356652233.0,1677283199999.0,136442442.7247,157595.0,183601515.0,70283824.5592,,,,,,,,,,,,,,,,,,,,,,,,,,,,,,,,,,,,,,,,,,,,,,,,,,,,,,,,,,,,,,,,,,,,,,,,,,,,,,,,,,,,,,,,,,,,,,,,,,,
,,,,,,,,,,,0,1677283200000.0,0.3783,0.3795,0.3692,0.3778,179723963.0,1677369599999.0,67647646.4228,84703.0,84230523.0,31703256.8337,,,,,,,,,,,,,,,,,,,,,,,,,,,,,,,,,,,,,,,,,,,,,,,,,,,,,,,,,,,,,,,,,,,,,,,,,,,,,,,,,,,,,,,,,,,,,,,,,,,
,,,,,,,,,,,0,1677369600000.0,0.3779,0.3807,0.3745,0.3779,130843027.0,1677455999999.0,49371646.179,69576.0,62587386.0,23616970.2689,,,,,,,,,,,,,,,,,,,,,,,,,,,,,,,,,,,,,,,,,,,,,,,,,,,,,,,,,,,,,,,,,,,,,,,,,,,,,,,,,,,,,,,,,,,,,,,,,,,
,,,,,,,,,,,0,1677456000000.0,0.3779,0.3801,0.3708,0.3785,421412885.0,1677542399999.0,158457633.8979,145975.0,225350589.0,84706976.9665,,,,,,,,,,,,,,,,,,,,,,,,,,,,,,,,,,,,,,,,,,,,,,,,,,,,,,,,,,,,,,,,,,,,,,,,,,,,,,,,,,,,,,,,,,,,,,,,,,,
,,,,,,,,,,,0,1677542400000.0,0.3785,0.3827,0.3719,0.3762,371401256.0,1677628799999.0,140007695.9865,149317.0,200818042.0,75668334.9249,,,,,,,,,,,,,,,,,,,,,,,,,,,,,,,,,,,,,,,,,,,,,,,,,,,,,,,,,,,,,,,,,,,,,,,,,,,,,,,,,,,,,,,,,,,,,,,,,,,
,,,,,,,,,,,0,,,,,,,,,,,,1677715200000.0,0.3836,0.3846,0.3737,0.3772,281873061.0,1677801599999.0,106574977.8196,107723.0,148617496.0,56165347.5998,,,,,,,,,,,,,,,,,,,,,,,,,,,,,,,,,,,,,,,,,,,,,,,,,,,,,,,,,,,,,,,,,,,,,,,,,,,,,,,,,,,,,,,,
,,,,,,,,,,,0,,,,,,,,,,,,1677801600000.0,0.3772,0.3806,0.3539,0.3774,490515388.0,1677887999999.0,179848857.5324,214243.0,248898448.0,91277825.6124,,,,,,,,,,,,,,,,,,,,,,,,,,,,,,,,,,,,,,,,,,,,,,,,,,,,,,,,,,,,,,,,,,,,,,,,,,,,,,,,,,,,,,,,
,,,,,,,,,,,0,,,,,,,,,,,,1677888000000.0,0.3773,0.38,0.368,0.3735,164275250.0,1677974399999.0,61584809.5591,85530.0,75858816.0,28438133.4803,,,,,,,,,,,,,,,,,,,,,,,,,,,,,,,,,,,,,,,,,,,,,,,,,,,,,,,,,,,,,,,,,,,,,,,,,,,,,,,,,,,,,,,,
,,,,,,,,,,,0,,,,,,,,,,,,1677974400000.0,0.3735,0.3774,0.3653,0.3668,163637644.0,1678060799999.0,60724189.1932,80980.0,73390639.0,27236882.6187,,,,,,,,,,,,,,,,,,,,,,,,,,,,,,,,,,,,,,,,,,,,,,,,,,,,,,,,,,,,,,,,,,,,,,,,,,,,,,,,,,,,,,,,
,,,,,,,,,,,0,,,,,,,,,,,,1678060800000.0,0.3668,0.3743,0.3589,0.3695,428373378.0,1678147199999.0,156725004.0317,158156.0,233387734.0,85297016.328,,,,,,,,,,,,,,,,,,,,,,,,,,,,,,,,,,,,,,,,,,,,,,,,,,,,,,,,,,,,,,,,,,,,,,,,,,,,,,,,,,,,,,,,
,,,,,,,,,,,0,,,,,,,,,,,,1678147200000.0,0.3696,0.3844,0.3669,0.3801,562644274.0,1678233599999.0,210785141.3808,230481.0,293439451.0,109833962.0385,,,,,,,,,,,,,,,,,,,,,,,,,,,,,,,,,,,,,,,,,,,,,,,,,,,,,,,,,,,,,,,,,,,,,,,,,,,,,,,,,,,,,,,,
,,,,,,,,,,,0,,,,,,,,,,,,1678233600000.0,0.3802,0.4018,0.3723,0.3889,682406723.0,1678319999999.0,265136639.3485,325672.0,344589959.0,133859502.2158,,,,,,,,,,,,,,,,,,,,,,,,,,,,,,,,,,,,,,,,,,,,,,,,,,,,,,,,,,,,,,,,,,,,,,,,,,,,,,,,,,,,,,,,
,,,,,,,,,,,0,,,,,,,,,,,,1678320000000.0,0.3889,0.3976,0.3639,0.3706,655014119.0,1678406399999.0,252341948.9759,304944.0,317289093.0,122389927.7878,,,,,,,,,,,,,,,,,,,,,,,,,,,,,,,,,,,,,,,,,,,,,,,,,,,,,,,,,,,,,,,,,,,,,,,,,,,,,,,,,,,,,,,,
,,,,,,,,,,,0,,,,,,,,,,,,1678406400000.0,0.3706,0.3752,0.3571,0.37,541098785.0,1678492799999.0,198898835.5473,264359.0,273214134.0,100420182.8522,,,,,,,,,,,,,,,,,,,,,,,,,,,,,,,,,,,,,,,,,,,,,,,,,,,,,,,,,,,,,,,,,,,,,,,,,,,,,,,,,,,,,,,,
,,,,,,,,,,,0,,,,,,,,,,,,1678492800000.0,0.3699,0.3741,0.3582,0.3638,342981412.0,1678579199999.0,125158363.7402,196161.0,170461652.0,62199052.2268,,,,,,,,,,,,,,,,,,,,,,,,,,,,,,,,,,,,,,,,,,,,,,,,,,,,,,,,,,,,,,,,,,,,,,,,,,,,,,,,,,,,,,,,
,,,,,,,,,,,0,,,,,,,,,,,,1678579200000.0,0.3637,0.3715,0.3473,0.3714,389760071.0,1678665599999.0,140064897.6627,206750.0,188167005.0,67677461.3609,,,,,,,,,,,,,,,,,,,,,,,,,,,,,,,,,,,,,,,,,,,,,,,,,,,,,,,,,,,,,,,,,,,,,,,,,,,,,,,,,,,,,,,,
,,,,,,,,,,,0,,,,,,,,,,,,1678665600000.0,0.3713,0.38,0.3553,0.3724,556402600.0,1678751999999.0,204984639.527,295723.0,289315654.0,106611381.1547,,,,,,,,,,,,,,,,,,,,,,,,,,,,,,,,,,,,,,,,,,,,,,,,,,,,,,,,,,,,,,,,,,,,,,,,,,,,,,,,,,,,,,,,
,,,,,,,,,,,0,,,,,,,,,,,,1678752000000.0,0.3724,0.387,0.3647,0.3724,544803822.0,1678838399999.0,203995643.0725,283108.0,268646880.0,100592504.2516,,,,,,,,,,,,,,,,,,,,,,,,,,,,,,,,,,,,,,,,,,,,,,,,,,,,,,,,,,,,,,,,,,,,,,,,,,,,,,,,,,,,,,,,
,,,,,,,,,,,0,,,,,,,,,,,,1678838400000.0,0.3724,0.3757,0.356,0.3589,385093409.0,1678924799999.0,140863011.9457,198592.0,189758340.0,69424022.9186,,,,,,,,,,,,,,,,,,,,,,,,,,,,,,,,,,,,,,,,,,,,,,,,,,,,,,,,,,,,,,,,,,,,,,,,,,,,,,,,,,,,,,,,
,,,,,,,,,,,0,,,,,,,,,,,,1678924800000.0,0.3589,0.367,0.3562,0.3647,259083315.0,1679011199999.0,93875787.5029,132174.0,129201218.0,46815132.435,,,,,,,,,,,,,,,,,,,,,,,,,,,,,,,,,,,,,,,,,,,,,,,,,,,,,,,,,,,,,,,,,,,,,,,,,,,,,,,,,,,,,,,,
,,,,,,,,,,,0,,,,,,,,,,,,1679011200000.0,0.3648,0.3825,0.362,0.3798,405873760.0,1679097599999.0,151029086.0637,199685.0,209014814.0,77793030.2445,,,,,,,,,,,,,,,,,,,,,,,,,,,,,,,,,,,,,,,,,,,,,,,,,,,,,,,,,,,,,,,,,,,,,,,,,,,,,,,,,,,,,,,,
,,,,,,,,,,,0,,,,,,,,,,,,1679097600000.0,0.3797,0.3898,0.3691,0.3739,360335327.0,1679183999999.0,136790748.2516,194468.0,179787799.0,68267255.5398,,,,,,,,,,,,,,,,,,,,,,,,,,,,,,,,,,,,,,,,,,,,,,,,,,,,,,,,,,,,,,,,,,,,,,,,,,,,,,,,,,,,,,,,
,,,,,,,,,,,0,,,,,,,,,,,,1679184000000.0,0.3739,0.4,0.3736,0.3857,476291604.0,1679270399999.0,185211360.2455,275018.0,234827804.0,91321188.4802,,,,,,,,,,,,,,,,,,,,,,,,,,,,,,,,,,,,,,,,,,,,,,,,,,,,,,,,,,,,,,,,,,,,,,,,,,,,,,,,,,,,,,,,
,,,,,,,,,,,0,,,,,,,,,,,,1679270400000.0,0.3858,0.3913,0.3707,0.3734,443129416.0,1679356799999.0,168478007.0693,217102.0,232492550.0,88389967.5209,,,,,,,,,,,,,,,,,,,,,,,,,,,,,,,,,,,,,,,,,,,,,,,,,,,,,,,,,,,,,,,,,,,,,,,,,,,,,,,,,,,,,,,,
,,,,,,,,,,,0,,,,,,,,,,,,1679356800000.0,0.3734,0.4929,0.3728,0.4696,1698380685.0,1679443199999.0,739147786.6806,1036761.0,861860638.0,374553019.7656,,,,,,,,,,,,,,,,,,,,,,,,,,,,,,,,,,,,,,,,,,,,,,,,,,,,,,,,,,,,,,,,,,,,,,,,,,,,,,,,,,,,,,,,
,,,,,,,,,,,0,,,,,,,,,,,,1679443200000.0,0.4696,0.475,0.4069,0.4213,1409641087.0,1679529599999.0,626614742.0198,847208.0,671590386.0,299006131.4683,,,,,,,,,,,,,,,,,,,,,,,,,,,,,,,,,,,,,,,,,,,,,,,,,,,,,,,,,,,,,,,,,,,,,,,,,,,,,,,,,,,,,,,,
,,,,,,,,,,,0,,,,,,,,,,,,1679529600000.0,0.4213,0.4557,0.4116,0.4438,837629903.0,1679615999999.0,368094025.9115,493112.0,410294301.0,180251821.2965,,,,,,,,,,,,,,,,,,,,,,,,,,,,,,,,,,,,,,,,,,,,,,,,,,,,,,,,,,,,,,,,,,,,,,,,,,,,,,,,,,,,,,,,
,,,,,,,,,,,0,,,,,,,,,,,,1679616000000.0,0.4437,0.444,0.4141,0.4259,507977567.0,1679702399999.0,217558570.5452,282648.0,254857997.0,109141910.3346,,,,,,,,,,,,,,,,,,,,,,,,,,,,,,,,,,,,,,,,,,,,,,,,,,,,,,,,,,,,,,,,,,,,,,,,,,,,,,,,,,,,,,,,
,,,,,,,,,,,0,,,,,,,,,,,,1679702400000.0,0.426,0.465,0.4223,0.4429,635312958.0,1679788799999.0,284432424.3263,428283.0,323282019.0,144700617.778,,,,,,,,,,,,,,,,,,,,,,,,,,,,,,,,,,,,,,,,,,,,,,,,,,,,,,,,,,,,,,,,,,,,,,,,,,,,,,,,,,,,,,,,
,,,,,,,,,,,0,,,,,,,,,,,,1679788800000.0,0.4429,0.4632,0.4403,0.4479,364479792.0,1679875199999.0,164516868.433,251330.0,176384097.0,79642209.2275,,,,,,,,,,,,,,,,,,,,,,,,,,,,,,,,,,,,,,,,,,,,,,,,,,,,,,,,,,,,,,,,,,,,,,,,,,,,,,,,,,,,,,,,
,,,,,,,,,,,0,,,,,,,,,,,,1679875200000.0,0.4479,0.4888,0.4425,0.479,1003256531.0,1679961599999.0,468907973.9647,566635.0,490072282.0,228906420.8126,,,,,,,,,,,,,,,,,,,,,,,,,,,,,,,,,,,,,,,,,,,,,,,,,,,,,,,,,,,,,,,,,,,,,,,,,,,,,,,,,,,,,,,,
,,,,,,,,,,,0,,,,,,,,,,,,1679961600000.0,0.4789,0.534,0.4666,0.5144,1126346466.0,1680047999999.0,561768921.786,675666.0,550271016.0,274493912.0902,,,,,,,,,,,,,,,,,,,,,,,,,,,,,,,,,,,,,,,,,,,,,,,,,,,,,,,,,,,,,,,,,,,,,,,,,,,,,,,,,,,,,,,,
,,,,,,,,,,,0,,,,,,,,,,,,1680048000000.0,0.5145,0.585,0.5145,0.5425,1291815558.0,1680134399999.0,710720110.8781,862122.0,650365697.0,357800046.7804,,,,,,,,,,,,,,,,,,,,,,,,,,,,,,,,,,,,,,,,,,,,,,,,,,,,,,,,,,,,,,,,,,,,,,,,,,,,,,,,,,,,,,,,
,,,,,,,,,,,0,,,,,,,,,,,,1680134400000.0,0.5425,0.558,0.5214,0.5319,827691286.0,1680220799999.0,444533562.2479,535861.0,420253408.0,225765698.8403,,,,,,,,,,,,,,,,,,,,,,,,,,,,,,,,,,,,,,,,,,,,,,,,,,,,,,,,,,,,,,,,,,,,,,,,,,,,,,,,,,,,,,,,
,,,,,,,,,,,0,,,,,,,,,,,,1680220800000.0,0.5319,0.564,0.5257,0.5374,532875635.0,1680307199999.0,285494944.4927,362827.0,272586852.0,146009892.11,,,,,,,,,,,,,,,,,,,,,,,,,,,,,,,,,,,,,,,,,,,,,,,,,,,,,,,,,,,,,,,,,,,,,,,,,,,,,,,,,,,,,,,,
,,,,,,,,,,,0,,,,,,,,,,,,,,,,,,,,,,,1680393600000.0,0.5095,0.529,0.5015,0.518,391347744.0,1680479999999.0,202442762.8255,304023.0,197069492.0,101937712.6133,,,,,,,,,,,,,,,,,,,,,,,,,,,,,,,,,,,,,,,,,,,,,,,,,,,,,,,,,,,,,,,,,,,,,,,,,,,,,
,,,,,,,,,,,0,,,,,,,,,,,,,,,,,,,,,,,1680480000000.0,0.5179,0.525,0.481,0.4959,522070023.0,1680566399999.0,264930891.5245,375185.0,263845216.0,134011798.4022,,,,,,,,,,,,,,,,,,,,,,,,,,,,,,,,,,,,,,,,,,,,,,,,,,,,,,,,,,,,,,,,,,,,,,,,,,,,,
,,,,,,,,,,,0,,,,,,,,,,,,,,,,,,,,,,,1680566400000.0,0.4958,0.5078,0.4871,0.5026,360227447.0,1680652799999.0,179555332.6901,233646.0,187654340.0,93517974.7645,,,,,,,,,,,,,,,,,,,,,,,,,,,,,,,,,,,,,,,,,,,,,,,,,,,,,,,,,,,,,,,,,,,,,,,,,,,,,
,,,,,,,,,,,0,,,,,,,,,,,,,,,,,,,,,,,1680652800000.0,0.5026,0.5271,0.4986,0.5055,411989031.0,1680739199999.0,210165518.3216,265503.0,207173028.0,105716749.8832,,,,,,,,,,,,,,,,,,,,,,,,,,,,,,,,,,,,,,,,,,,,,,,,,,,,,,,,,,,,,,,,,,,,,,,,,,,,,
,,,,,,,,,,,0,,,,,,,,,,,,,,,,,,,,,,,1680739200000.0,0.5056,0.5097,0.4913,0.5028,315900045.0,1680825599999.0,158484620.7896,226191.0,159289413.0,79927656.2951,,,,,,,,,,,,,,,,,,,,,,,,,,,,,,,,,,,,,,,,,,,,,,,,,,,,,,,,,,,,,,,,,,,,,,,,,,,,,
,,,,,,,,,,,0,,,,,,,,,,,,,,,,,,,,,,,1680825600000.0,0.5028,0.5156,0.4971,0.5126,318185786.0,1680911999999.0,161500221.0903,236639.0,164493145.0,83510779.5674,,,,,,,,,,,,,,,,,,,,,,,,,,,,,,,,,,,,,,,,,,,,,,,,,,,,,,,,,,,,,,,,,,,,,,,,,,,,,
,,,,,,,,,,,0,,,,,,,,,,,,,,,,,,,,,,,1680912000000.0,0.5127,0.513,0.5022,0.5048,136614694.0,1680998399999.0,69517878.4432,131248.0,61730572.0,31410989.6758,,,,,,,,,,,,,,,,,,,,,,,,,,,,,,,,,,,,,,,,,,,,,,,,,,,,,,,,,,,,,,,,,,,,,,,,,,,,,
,,,,,,,,,,,0,,,,,,,,,,,,,,,,,,,,,,,1680998400000.0,0.5049,0.5093,0.4983,0.5054,116122379.0,1681084799999.0,58532234.578,99848.0,56270959.0,28366468.5246,,,,,,,,,,,,,,,,,,,,,,,,,,,,,,,,,,,,,,,,,,,,,,,,,,,,,,,,,,,,,,,,,,,,,,,,,,,,,
,,,,,,,,,,,0,,,,,,,,,,,,,,,,,,,,,,,1681084800000.0,0.5053,0.5199,0.5,0.5176,264898196.0,1681171199999.0,134434521.2121,154033.0,143896871.0,72982170.3245,,,,,,,,,,,,,,,,,,,,,,,,,,,,,,,,,,,,,,,,,,,,,,,,,,,,,,,,,,,,,,,,,,,,,,,,,,,,,
,,,,,,,,,,,0,,,,,,,,,,,,,,,,,,,,,,,1681171200000.0,0.5176,0.5283,0.511,0.5167,358821527.0,1681257599999.0,186152904.5242,200576.0,196281969.0,101833414.5527,,,,,,,,,,,,,,,,,,,,,,,,,,,,,,,,,,,,,,,,,,,,,,,,,,,,,,,,,,,,,,,,,,,,,,,,,,,,,
,,,,,,,,,,,0,,,,,,,,,,,,,,,,,,,,,,,1681257600000.0,0.5166,0.5179,0.4984,0.5049,339100343.0,1681343999999.0,171358646.2642,186682.0,165468803.0,83606262.0747,,,,,,,,,,,,,,,,,,,,,,,,,,,,,,,,,,,,,,,,,,,,,,,,,,,,,,,,,,,,,,,,,,,,,,,,,,,,,
,,,,,,,,,,,0,,,,,,,,,,,,,,,,,,,,,,,1681344000000.0,0.5049,0.5156,0.5014,0.5125,273342378.0,1681430399999.0,139036177.3945,142779.0,150028631.0,76317868.3212,,,,,,,,,,,,,,,,,,,,,,,,,,,,,,,,,,,,,,,,,,,,,,,,,,,,,,,,,,,,,,,,,,,,,,,,,,,,,
,,,,,,,,,,,0,,,,,,,,,,,,,,,,,,,,,,,1681430400000.0,0.5124,0.5465,0.5111,0.5227,462335443.0,1681516799999.0,243064939.2771,307971.0,239258872.0,125771859.9855,,,,,,,,,,,,,,,,,,,,,,,,,,,,,,,,,,,,,,,,,,,,,,,,,,,,,,,,,,,,,,,,,,,,,,,,,,,,,
,,,,,,,,,,,0,,,,,,,,,,,,,,,,,,,,,,,1681516800000.0,0.5227,0.5261,0.516,0.5192,152508925.0,1681603199999.0,79413896.0197,105834.0,72672668.0,37848445.3481,,,,,,,,,,,,,,,,,,,,,,,,,,,,,,,,,,,,,,,,,,,,,,,,,,,,,,,,,,,,,,,,,,,,,,,,,,,,,
,,,,,,,,,,,0,,,,,,,,,,,,,,,,,,,,,,,1681603200000.0,0.5192,0.5244,0.5152,0.5209,157240759.0,1681689599999.0,81721324.831,100919.0,77120853.0,40083368.0914,,,,,,,,,,,,,,,,,,,,,,,,,,,,,,,,,,,,,,,,,,,,,,,,,,,,,,,,,,,,,,,,,,,,,,,,,,,,,
,,,,,,,,,,,0,,,,,,,,,,,,,,,,,,,,,,,1681689600000.0,0.5208,0.521,0.5066,0.5109,299749754.0,1681775999999.0,153553932.094,151791.0,169784999.0,86969122.371,,,,,,,,,,,,,,,,,,,,,,,,,,,,,,,,,,,,,,,,,,,,,,,,,,,,,,,,,,,,,,,,,,,,,,,,,,,,,
,,,,,,,,,,,0,,,,,,,,,,,,,,,,,,,,,,,1681776000000.0,0.511,0.5391,0.5092,0.5324,358112470.0,1681862399999.0,186085470.3304,179073.0,203556287.0,105733036.7684,,,,,,,,,,,,,,,,,,,,,,,,,,,,,,,,,,,,,,,,,,,,,,,,,,,,,,,,,,,,,,,,,,,,,,,,,,,,,
,,,,,,,,,,,0,,,,,,,,,,,,,,,,,,,,,,,1681862400000.0,0.5325,0.5375,0.471,0.4911,620153279.0,1681948799999.0,311042377.4707,378676.0,297689655.0,149352938.5593,,,,,,,,,,,,,,,,,,,,,,,,,,,,,,,,,,,,,,,,,,,,,,,,,,,,,,,,,,,,,,,,,,,,,,,,,,,,,
,,,,,,,,,,,0,,,,,,,,,,,,,,,,,,,,,,,1681948800000.0,0.4911,0.4993,0.465,0.4752,454997513.0,1682035199999.0,219794190.8847,238238.0,225466342.0,108946968.4754,,,,,,,,,,,,,,,,,,,,,,,,,,,,,,,,,,,,,,,,,,,,,,,,,,,,,,,,,,,,,,,,,,,,,,,,,,,,,
,,,,,,,,,,,0,,,,,,,,,,,,,,,,,,,,,,,1682035200000.0,0.4752,0.4792,0.4403,0.4491,425209825.0,1682121599999.0,196405832.4614,230036.0,214479000.0,99149708.2681,,,,,,,,,,,,,,,,,,,,,,,,,,,,,,,,,,,,,,,,,,,,,,,,,,,,,,,,,,,,,,,,,,,,,,,,,,,,,
,,,,,,,,,,,0,,,,,,,,,,,,,,,,,,,,,,,1682121600000.0,0.4491,0.4761,0.4455,0.4719,242021955.0,1682207999999.0,111879421.8415,150016.0,122751042.0,56782117.4155,,,,,,,,,,,,,,,,,,,,,,,,,,,,,,,,,,,,,,,,,,,,,,,,,,,,,,,,,,,,,,,,,,,,,,,,,,,,,
,,,,,,,,,,,0,,,,,,,,,,,,,,,,,,,,,,,1682208000000.0,0.472,0.472,0.4526,0.4647,222191297.0,1682294399999.0,103079830.5741,130715.0,107544770.0,49910312.206,,,,,,,,,,,,,,,,,,,,,,,,,,,,,,,,,,,,,,,,,,,,,,,,,,,,,,,,,,,,,,,,,,,,,,,,,,,,,
,,,,,,,,,,,0,,,,,,,,,,,,,,,,,,,,,,,1682294400000.0,0.4648,0.4857,0.4469,0.4611,408426760.0,1682380799999.0,189723462.6629,227559.0,219380921.0,101918723.9094,,,,,,,,,,,,,,,,,,,,,,,,,,,,,,,,,,,,,,,,,,,,,,,,,,,,,,,,,,,,,,,,,,,,,,,,,,,,,
,,,,,,,,,,,0,,,,,,,,,,,,,,,,,,,,,,,1682380800000.0,0.461,0.4723,0.4506,0.4695,377056298.0,1682467199999.0,173172942.7944,167797.0,214418124.0,98458381.2381,,,,,,,,,,,,,,,,,,,,,,,,,,,,,,,,,,,,,,,,,,,,,,,,,,,,,,,,,,,,,,,,,,,,,,,,,,,,,
,,,,,,,,,,,0,,,,,,,,,,,,,,,,,,,,,,,1682467200000.0,0.4696,0.4831,0.4329,0.4618,551155391.0,1682553599999.0,256463436.6499,280441.0,277180801.0,129067214.3441,,,,,,,,,,,,,,,,,,,,,,,,,,,,,,,,,,,,,,,,,,,,,,,,,,,,,,,,,,,,,,,,,,,,,,,,,,,,,
,,,,,,,,,,,0,,,,,,,,,,,,,,,,,,,,,,,1682553600000.0,0.4618,0.4699,0.4557,0.4667,345756985.0,1682639999999.0,159816336.8441,166405.0,170265417.0,78665218.1406,,,,,,,,,,,,,,,,,,,,,,,,,,,,,,,,,,,,,,,,,,,,,,,,,,,,,,,,,,,,,,,,,,,,,,,,,,,,,
,,,,,,,,,,,0,,,,,,,,,,,,,,,,,,,,,,,1682640000000.0,0.4666,0.483,0.4637,0.4796,384917512.0,1682726399999.0,181922278.9124,203480.0,218738540.0,103376510.6525,,,,,,,,,,,,,,,,,,,,,,,,,,,,,,,,,,,,,,,,,,,,,,,,,,,,,,,,,,,,,,,,,,,,,,,,,,,,,
,,,,,,,,,,,0,,,,,,,,,,,,,,,,,,,,,,,1682726400000.0,0.4795,0.4869,0.4709,0.478,175533507.0,1682812799999.0,84163263.9234,122677.0,86163575.0,41316920.4898,,,,,,,,,,,,,,,,,,,,,,,,,,,,,,,,,,,,,,,,,,,,,,,,,,,,,,,,,,,,,,,,,,,,,,,,,,,,,
,,,,,,,,,,,0,,,,,,,,,,,,,,,,,,,,,,,1682812800000.0,0.4779,0.4819,0.4687,0.4705,143199211.0,1682899199999.0,68124656.7054,91324.0,71983476.0,34241146.285,,,,,,,,,,,,,,,,,,,,,,,,,,,,,,,,,,,,,,,,,,,,,,,,,,,,,,,,,,,,,,,,,,,,,,,,,,,,,
,,,,,,,,,,,0,,,,,,,,,,,,,,,,,,,,,,,,,,,,,,,,,,1682985600000.0,0.4648,0.4662,0.4574,0.4645,330734355.0,1683071999999.0,152988821.87,164966.0,193531826.0,89527161.8275,,,,,,,,,,,,,,,,,,,,,,,,,,,,,,,,,,,,,,,,,,,,,,,,,,,,,,,,,,,,,,,,,,
,,,,,,,,,,,0,,,,,,,,,,,,,,,,,,,,,,,,,,,,,,,,,,1683072000000.0,0.4644,0.4655,0.4497,0.4632,341232638.0,1683158399999.0,156013152.9334,162057.0,170024695.0,77748172.5966,,,,,,,,,,,,,,,,,,,,,,,,,,,,,,,,,,,,,,,,,,,,,,,,,,,,,,,,,,,,,,,,,,
,,,,,,,,,,,0,,,,,,,,,,,,,,,,,,,,,,,,,,,,,,,,,,1683158400000.0,0.4633,0.465,0.4547,0.4608,218212542.0,1683244799999.0,100405157.9432,103839.0,104800374.0,48211996.9158,,,,,,,,,,,,,,,,,,,,,,,,,,,,,,,,,,,,,,,,,,,,,,,,,,,,,,,,,,,,,,,,,,
,,,,,,,,,,,0,,,,,,,,,,,,,,,,,,,,,,,,,,,,,,,,,,1683244800000.0,0.4608,0.4706,0.4545,0.4671,292855620.0,1683331199999.0,135599010.5934,160893.0,169635559.0,78543890.0181,,,,,,,,,,,,,,,,,,,,,,,,,,,,,,,,,,,,,,,,,,,,,,,,,,,,,,,,,,,,,,,,,,
,,,,,,,,,,,0,,,,,,,,,,,,,,,,,,,,,,,,,,,,,,,,,,1683331200000.0,0.4671,0.4695,0.4512,0.4582,168649976.0,1683417599999.0,77457021.9829,119808.0,83169782.0,38187411.7377,,,,,,,,,,,,,,,,,,,,,,,,,,,,,,,,,,,,,,,,,,,,,,,,,,,,,,,,,,,,,,,,,,
,,,,,,,,,,,0,,,,,,,,,,,,,,,,,,,,,,,,,,,,,,,,,,1683417600000.0,0.4582,0.4601,0.4457,0.449,119401215.0,1683503999999.0,54412904.3018,93375.0,58708515.0,26760564.0033,,,,,,,,,,,,,,,,,,,,,,,,,,,,,,,,,,,,,,,,,,,,,,,,,,,,,,,,,,,,,,,,,,
,,,,,,,,,,,0,,,,,,,,,,,,,,,,,,,,,,,,,,,,,,,,,,1683504000000.0,0.4491,0.4512,0.41,0.4283,483055933.0,1683590399999.0,208516112.0143,248533.0,260574568.0,112537710.4604,,,,,,,,,,,,,,,,,,,,,,,,,,,,,,,,,,,,,,,,,,,,,,,,,,,,,,,,,,,,,,,,,,
,,,,,,,,,,,0,,,,,,,,,,,,,,,,,,,,,,,,,,,,,,,,,,1683590400000.0,0.4283,0.4308,0.4202,0.4289,331497882.0,1683676799999.0,140698488.1352,145474.0,197912958.0,84006182.7987,,,,,,,,,,,,,,,,,,,,,,,,,,,,,,,,,,,,,,,,,,,,,,,,,,,,,,,,,,,,,,,,,,
,,,,,,,,,,,0,,,,,,,,,,,,,,,,,,,,,,,,,,,,,,,,,,1683676800000.0,0.4289,0.434,0.4119,0.4303,334930240.0,1683763199999.0,142959031.4146,178622.0,169496400.0,72345614.7689,,,,,,,,,,,,,,,,,,,,,,,,,,,,,,,,,,,,,,,,,,,,,,,,,,,,,,,,,,,,,,,,,,
,,,,,,,,,,,0,,,,,,,,,,,,,,,,,,,,,,,,,,,,,,,,,,1683763200000.0,0.4303,0.4305,0.4114,0.4207,288769811.0,1683849599999.0,121888401.6044,132230.0,137805383.0,58158833.3961,,,,,,,,,,,,,,,,,,,,,,,,,,,,,,,,,,,,,,,,,,,,,,,,,,,,,,,,,,,,,,,,,,
,,,,,,,,,,,0,,,,,,,,,,,,,,,,,,,,,,,,,,,,,,,,,,1683849600000.0,0.4207,0.4446,0.4157,0.4305,408757650.0,1683935999999.0,174665763.124,243770.0,210588138.0,89981284.9551,,,,,,,,,,,,,,,,,,,,,,,,,,,,,,,,,,,,,,,,,,,,,,,,,,,,,,,,,,,,,,,,,,
,,,,,,,,,,,0,,,,,,,,,,,,,,,,,,,,,,,,,,,,,,,,,,1683936000000.0,0.4305,0.4306,0.4227,0.424,102125283.0,1684022399999.0,43502508.7222,64588.0,49640570.0,21146725.7968,,,,,,,,,,,,,,,,,,,,,,,,,,,,,,,,,,,,,,,,,,,,,,,,,,,,,,,,,,,,,,,,,,
,,,,,,,,,,,0,,,,,,,,,,,,,,,,,,,,,,,,,,,,,,,,,,1684022400000.0,0.424,0.4317,0.421,0.4253,97517794.0,1684108799999.0,41556708.1618,60061.0,52601438.0,22422149.419,,,,,,,,,,,,,,,,,,,,,,,,,,,,,,,,,,,,,,,,,,,,,,,,,,,,,,,,,,,,,,,,,,
,,,,,,,,,,,0,,,,,,,,,,,,,,,,,,,,,,,,,,,,,,,,,,1684108800000.0,0.4253,0.4304,0.4214,0.4273,263543031.0,1684195199999.0,112456043.0808,124386.0,158293157.0,67552534.8268,,,,,,,,,,,,,,,,,,,,,,,,,,,,,,,,,,,,,,,,,,,,,,,,,,,,,,,,,,,,,,,,,,
,,,,,,,,,,,0,,,,,,,,,,,,,,,,,,,,,,,,,,,,,,,,,,1684195200000.0,0.4273,0.443,0.4174,0.4425,357854908.0,1684281599999.0,152521020.859,160937.0,209342171.0,89175665.996,,,,,,,,,,,,,,,,,,,,,,,,,,,,,,,,,,,,,,,,,,,,,,,,,,,,,,,,,,,,,,,,,,
,,,,,,,,,,,0,,,,,,,,,,,,,,,,,,,,,,,,,,,,,,,,,,1684281600000.0,0.4426,0.4616,0.4375,0.4484,511331200.0,1684367999999.0,229071343.7915,303334.0,266439406.0,119349365.1679,,,,,,,,,,,,,,,,,,,,,,,,,,,,,,,,,,,,,,,,,,,,,,,,,,,,,,,,,,,,,,,,,,
,,,,,,,,,,,0,,,,,,,,,,,,,,,,,,,,,,,,,,,,,,,,,,1684368000000.0,0.4485,0.473,0.443,0.4596,420292099.0,1684454399999.0,192595312.6275,286958.0,208407888.0,95500114.6204,,,,,,,,,,,,,,,,,,,,,,,,,,,,,,,,,,,,,,,,,,,,,,,,,,,,,,,,,,,,,,,,,,
,,,,,,,,,,,0,,,,,,,,,,,,,,,,,,,,,,,,,,,,,,,,,,1684454400000.0,0.4597,0.4755,0.4573,0.4675,327924286.0,1684540799999.0,152613054.2521,222000.0,184241465.0,85740879.8433,,,,,,,,,,,,,,,,,,,,,,,,,,,,,,,,,,,,,,,,,,,,,,,,,,,,,,,,,,,,,,,,,,
,,,,,,,,,,,0,,,,,,,,,,,,,,,,,,,,,,,,,,,,,,,,,,1684540800000.0,0.4674,0.4719,0.4618,0.4685,133085427.0,1684627199999.0,62057504.8193,103913.0,66548456.0,31033845.7109,,,,,,,,,,,,,,,,,,,,,,,,,,,,,,,,,,,,,,,,,,,,,,,,,,,,,,,,,,,,,,,,,,
,,,,,,,,,,,0,,,,,,,,,,,,,,,,,,,,,,,,,,,,,,,,,,1684627200000.0,0.4685,0.4706,0.455,0.4575,152105849.0,1684713599999.0,70385641.0823,103117.0,74842890.0,34626497.5074,,,,,,,,,,,,,,,,,,,,,,,,,,,,,,,,,,,,,,,,,,,,,,,,,,,,,,,,,,,,,,,,,,
,,,,,,,,,,,0,,,,,,,,,,,,,,,,,,,,,,,,,,,,,,,,,,1684713600000.0,0.4574,0.4674,0.4496,0.4618,289989578.0,1684799999999.0,133114497.6357,155907.0,168051252.0,77144550.0222,,,,,,,,,,,,,,,,,,,,,,,,,,,,,,,,,,,,,,,,,,,,,,,,,,,,,,,,,,,,,,,,,,
,,,,,,,,,,,0,,,,,,,,,,,,,,,,,,,,,,,,,,,,,,,,,,1684800000000.0,0.4618,0.4672,0.4583,0.4651,270491006.0,1684886399999.0,125016933.0484,125211.0,159997721.0,73941129.0987,,,,,,,,,,,,,,,,,,,,,,,,,,,,,,,,,,,,,,,,,,,,,,,,,,,,,,,,,,,,,,,,,,
,,,,,,,,,,,0,,,,,,,,,,,,,,,,,,,,,,,,,,,,,,,,,,1684886400000.0,0.4651,0.4651,0.4457,0.453,334128026.0,1684972799999.0,151915102.1176,156624.0,164644911.0,74827055.066,,,,,,,,,,,,,,,,,,,,,,,,,,,,,,,,,,,,,,,,,,,,,,,,,,,,,,,,,,,,,,,,,,
,,,,,,,,,,,0,,,,,,,,,,,,,,,,,,,,,,,,,,,,,,,,,,1684972800000.0,0.453,0.4551,0.4431,0.4538,190174437.0,1685059199999.0,85627895.2544,102425.0,93900082.0,42279329.752,,,,,,,,,,,,,,,,,,,,,,,,,,,,,,,,,,,,,,,,,,,,,,,,,,,,,,,,,,,,,,,,,,
,,,,,,,,,,,0,,,,,,,,,,,,,,,,,,,,,,,,,,,,,,,,,,1685059200000.0,0.4538,0.4699,0.4524,0.4684,284645154.0,1685145599999.0,132032922.1573,145800.0,163785848.0,75969540.6585,,,,,,,,,,,,,,,,,,,,,,,,,,,,,,,,,,,,,,,,,,,,,,,,,,,,,,,,,,,,,,,,,,
,,,,,,,,,,,0,,,,,,,,,,,,,,,,,,,,,,,,,,,,,,,,,,1685145600000.0,0.4684,0.4792,0.4652,0.4714,178798933.0,1685231999999.0,84283690.6692,123858.0,85960639.0,40522471.8133,,,,,,,,,,,,,,,,,,,,,,,,,,,,,,,,,,,,,,,,,,,,,,,,,,,,,,,,,,,,,,,,,,
,,,,,,,,,,,0,,,,,,,,,,,,,,,,,,,,,,,,,,,,,,,,,,1685232000000.0,0.4714,0.4863,0.4699,0.482,166534206.0,1685318399999.0,79310781.4841,109213.0,84625366.0,40300303.5719,,,,,,,,,,,,,,,,,,,,,,,,,,,,,,,,,,,,,,,,,,,,,,,,,,,,,,,,,,,,,,,,,,
,,,,,,,,,,,0,,,,,,,,,,,,,,,,,,,,,,,,,,,,,,,,,,1685318400000.0,0.482,0.4954,0.4761,0.4946,328535756.0,1685404799999.0,158994730.9089,193651.0,183345634.0,88706697.8833,,,,,,,,,,,,,,,,,,,,,,,,,,,,,,,,,,,,,,,,,,,,,,,,,,,,,,,,,,,,,,,,,,
,,,,,,,,,,,0,,,,,,,,,,,,,,,,,,,,,,,,,,,,,,,,,,1685404800000.0,0.4946,0.5293,0.4893,0.5205,662891231.0,1685491199999.0,337412103.77,428094.0,361416168.0,183850739.145,,,,,,,,,,,,,,,,,,,,,,,,,,,,,,,,,,,,,,,,,,,,,,,,,,,,,,,,,,,,,,,,,,
,,,,,,,,,,,0,,,,,,,,,,,,,,,,,,,,,,,,,,,,,,,,,,1685491200000.0,0.5205,0.528,0.5009,0.5166,440917044.0,1685577599999.0,226321932.8499,297874.0,222947424.0,114438129.6834,,,,,,,,,,,,,,,,,,,,,,,,,,,,,,,,,,,,,,,,,,,,,,,,,,,,,,,,,,,,,,,,,,
,,,,,,,,,,,0,,,,,,,,,,,,,,,,,,,,,,,,,,,,,,,,,,,,,,,,,,,,,1685664000000.0,0.5065,0.5271,0.5033,0.5244,293048961.0,1685750399999.0,151414189.6036,168266.0,163782927.0,84630227.6575,,,,,,,,,,,,,,,,,,,,,,,,,,,,,,,,,,,,,,,,,,,,,,,,,,,,,,,
,,,,,,,,,,,0,,,,,,,,,,,,,,,,,,,,,,,,,,,,,,,,,,,,,,,,,,,,,1685750400000.0,0.5245,0.534,0.5144,0.5188,172139129.0,1685836799999.0,89930000.8953,119886.0,85366058.0,44602695.4438,,,,,,,,,,,,,,,,,,,,,,,,,,,,,,,,,,,,,,,,,,,,,,,,,,,,,,,
,,,,,,,,,,,0,,,,,,,,,,,,,,,,,,,,,,,,,,,,,,,,,,,,,,,,,,,,,1685836800000.0,0.5188,0.547,0.5151,0.5359,250235168.0,1685923199999.0,133246493.0951,159074.0,131291892.0,69938934.9942,,,,,,,,,,,,,,,,,,,,,,,,,,,,,,,,,,,,,,,,,,,,,,,,,,,,,,,
,,,,,,,,,,,0,,,,,,,,,,,,,,,,,,,,,,,,,,,,,,,,,,,,,,,,,,,,,1685923200000.0,0.5359,0.5431,0.4867,0.509,616993814.0,1686009599999.0,319477652.4925,430141.0,314269228.0,163020175.2141,,,,,,,,,,,,,,,,,,,,,,,,,,,,,,,,,,,,,,,,,,,,,,,,,,,,,,,
,,,,,,,,,,,0,,,,,,,,,,,,,,,,,,,,,,,,,,,,,,,,,,,,,,,,,,,,,1686009600000.0,0.5089,0.5328,0.4952,0.53,458413458.0,1686095999999.0,234690913.8299,307055.0,242508753.0,124128459.9257,,,,,,,,,,,,,,,,,,,,,,,,,,,,,,,,,,,,,,,,,,,,,,,,,,,,,,,
,,,,,,,,,,,0,,,,,,,,,,,,,,,,,,,,,,,,,,,,,,,,,,,,,,,,,,,,,1686096000000.0,0.53,0.5384,0.507,0.5183,467474175.0,1686182399999.0,244889718.1241,326396.0,235939314.0,123665271.5216,,,,,,,,,,,,,,,,,,,,,,,,,,,,,,,,,,,,,,,,,,,,,,,,,,,,,,,
,,,,,,,,,,,0,,,,,,,,,,,,,,,,,,,,,,,,,,,,,,,,,,,,,,,,,,,,,1686182400000.0,0.5183,0.5278,0.5156,0.5236,262982251.0,1686268799999.0,137027019.7161,177957.0,131593138.0,68553433.2142,,,,,,,,,,,,,,,,,,,,,,,,,,,,,,,,,,,,,,,,,,,,,,,,,,,,,,,
,,,,,,,,,,,0,,,,,,,,,,,,,,,,,,,,,,,,,,,,,,,,,,,,,,,,,,,,,1686268800000.0,0.5237,0.5418,0.5205,0.538,352068623.0,1686355199999.0,187158472.4652,236747.0,179338500.0,95329263.7307,,,,,,,,,,,,,,,,,,,,,,,,,,,,,,,,,,,,,,,,,,,,,,,,,,,,,,,
,,,,,,,,,,,0,,,,,,,,,,,,,,,,,,,,,,,,,,,,,,,,,,,,,,,,,,,,,1686355200000.0,0.538,0.5388,0.472,0.5067,609302319.0,1686441599999.0,304346642.2294,492361.0,293296020.0,146470937.6137,,,,,,,,,,,,,,,,,,,,,,,,,,,,,,,,,,,,,,,,,,,,,,,,,,,,,,,
,,,,,,,,,,,0,,,,,,,,,,,,,,,,,,,,,,,,,,,,,,,,,,,,,,,,,,,,,1686441600000.0,0.5067,0.5293,0.5027,0.5208,221202480.0,1686527999999.0,113523633.2413,164718.0,111715728.0,57337359.5485,,,,,,,,,,,,,,,,,,,,,,,,,,,,,,,,,,,,,,,,,,,,,,,,,,,,,,,
,,,,,,,,,,,0,,,,,,,,,,,,,,,,,,,,,,,,,,,,,,,,,,,,,,,,,,,,,1686528000000.0,0.5209,0.528,0.5086,0.5251,356547544.0,1686614399999.0,184693488.5544,234513.0,193429811.0,100191887.0456,,,,,,,,,,,,,,,,,,,,,,,,,,,,,,,,,,,,,,,,,,,,,,,,,,,,,,,
,,,,,,,,,,,0,,,,,,,,,,,,,,,,,,,,,,,,,,,,,,,,,,,,,,,,,,,,,1686614400000.0,0.5251,0.5658,0.5054,0.5192,771631184.0,1686700799999.0,411364100.7733,559433.0,397475690.0,211722384.5115,,,,,,,,,,,,,,,,,,,,,,,,,,,,,,,,,,,,,,,,,,,,,,,,,,,,,,,
,,,,,,,,,,,0,,,,,,,,,,,,,,,,,,,,,,,,,,,,,,,,,,,,,,,,,,,,,1686700800000.0,0.5193,0.5205,0.461,0.4801,544396397.0,1686787199999.0,270686306.3722,340474.0,271736762.0,135176345.5335,,,,,,,,,,,,,,,,,,,,,,,,,,,,,,,,,,,,,,,,,,,,,,,,,,,,,,,
,,,,,,,,,,,0,,,,,,,,,,,,,,,,,,,,,,,,,,,,,,,,,,,,,,,,,,,,,1686787200000.0,0.4802,0.4858,0.4663,0.4801,337742736.0,1686873599999.0,161264378.6239,202319.0,170047109.0,81203505.2121,,,,,,,,,,,,,,,,,,,,,,,,,,,,,,,,,,,,,,,,,,,,,,,,,,,,,,,
,,,,,,,,,,,0,,,,,,,,,,,,,,,,,,,,,,,,,,,,,,,,,,,,,,,,,,,,,1686873600000.0,0.4801,0.4833,0.4558,0.4759,376661662.0,1686959999999.0,177084797.8848,223245.0,202226513.0,95103017.3149,,,,,,,,,,,,,,,,,,,,,,,,,,,,,,,,,,,,,,,,,,,,,,,,,,,,,,,
,,,,,,,,,,,0,,,,,,,,,,,,,,,,,,,,,,,,,,,,,,,,,,,,,,,,,,,,,1686960000000.0,0.4758,0.4869,0.4694,0.4794,189579671.0,1687046399999.0,90724364.3014,114551.0,93331001.0,44666208.3593,,,,,,,,,,,,,,,,,,,,,,,,,,,,,,,,,,,,,,,,,,,,,,,,,,,,,,,
,,,,,,,,,,,0,,,,,,,,,,,,,,,,,,,,,,,,,,,,,,,,,,,,,,,,,,,,,1687046400000.0,0.4794,0.4979,0.4741,0.4868,225020544.0,1687132799999.0,109694269.2514,162331.0,114826765.0,55992741.8685,,,,,,,,,,,,,,,,,,,,,,,,,,,,,,,,,,,,,,,,,,,,,,,,,,,,,,,
,,,,,,,,,,,0,,,,,,,,,,,,,,,,,,,,,,,,,,,,,,,,,,,,,,,,,,,,,1687132800000.0,0.4868,0.4991,0.4811,0.4936,322187608.0,1687219199999.0,158029204.5714,171967.0,185635687.0,91030496.422,,,,,,,,,,,,,,,,,,,,,,,,,,,,,,,,,,,,,,,,,,,,,,,,,,,,,,,
,,,,,,,,,,,0,,,,,,,,,,,,,,,,,,,,,,,,,,,,,,,,,,,,,,,,,,,,,1687219200000.0,0.4935,0.4967,0.4716,0.4929,378325906.0,1687305599999.0,183652110.869,194078.0,216177701.0,104945447.7617,,,,,,,,,,,,,,,,,,,,,,,,,,,,,,,,,,,,,,,,,,,,,,,,,,,,,,,
,,,,,,,,,,,0,,,,,,,,,,,,,,,,,,,,,,,,,,,,,,,,,,,,,,,,,,,,,1687305600000.0,0.4928,0.5034,0.4892,0.4999,408749828.0,1687391999999.0,202941709.1074,223743.0,201253336.0,99901919.9825,,,,,,,,,,,,,,,,,,,,,,,,,,,,,,,,,,,,,,,,,,,,,,,,,,,,,,,
,,,,,,,,,,,0,,,,,,,,,,,,,,,,,,,,,,,,,,,,,,,,,,,,,,,,,,,,,1687392000000.0,0.4999,0.5272,0.4821,0.4938,442729597.0,1687478399999.0,223220058.1374,282412.0,220460792.0,111186415.8432,,,,,,,,,,,,,,,,,,,,,,,,,,,,,,,,,,,,,,,,,,,,,,,,,,,,,,,
,,,,,,,,,,,0,,,,,,,,,,,,,,,,,,,,,,,,,,,,,,,,,,,,,,,,,,,,,1687478400000.0,0.4937,0.5023,0.484,0.4961,345391930.0,1687564799999.0,170930777.4484,202216.0,175959099.0,87070644.9746,,,,,,,,,,,,,,,,,,,,,,,,,,,,,,,,,,,,,,,,,,,,,,,,,,,,,,,
,,,,,,,,,,,0,,,,,,,,,,,,,,,,,,,,,,,,,,,,,,,,,,,,,,,,,,,,,1687564800000.0,0.496,0.4961,0.478,0.4865,193097516.0,1687651199999.0,94403166.4608,119543.0,87559930.0,42799028.2498,,,,,,,,,,,,,,,,,,,,,,,,,,,,,,,,,,,,,,,,,,,,,,,,,,,,,,,
,,,,,,,,,,,0,,,,,,,,,,,,,,,,,,,,,,,,,,,,,,,,,,,,,,,,,,,,,1687651200000.0,0.4865,0.4977,0.4829,0.4903,191583170.0,1687737599999.0,93843422.8092,110926.0,91535455.0,44847196.9109,,,,,,,,,,,,,,,,,,,,,,,,,,,,,,,,,,,,,,,,,,,,,,,,,,,,,,,
,,,,,,,,,,,0,,,,,,,,,,,,,,,,,,,,,,,,,,,,,,,,,,,,,,,,,,,,,1687737600000.0,0.4903,0.4919,0.4701,0.479,305338027.0,1687823999999.0,147000463.6721,163717.0,164313915.0,79125978.4615,,,,,,,,,,,,,,,,,,,,,,,,,,,,,,,,,,,,,,,,,,,,,,,,,,,,,,,
,,,,,,,,,,,0,,,,,,,,,,,,,,,,,,,,,,,,,,,,,,,,,,,,,,,,,,,,,1687824000000.0,0.479,0.4851,0.4759,0.4838,291583944.0,1687910399999.0,140122274.2891,132593.0,170409437.0,81890011.9034,,,,,,,,,,,,,,,,,,,,,,,,,,,,,,,,,,,,,,,,,,,,,,,,,,,,,,,
,,,,,,,,,,,0,,,,,,,,,,,,,,,,,,,,,,,,,,,,,,,,,,,,,,,,,,,,,1687910400000.0,0.4839,0.4844,0.4493,0.4647,325837765.0,1687996799999.0,153329584.7929,164563.0,160054361.0,75360618.7725,,,,,,,,,,,,,,,,,,,,,,,,,,,,,,,,,,,,,,,,,,,,,,,,,,,,,,,
,,,,,,,,,,,0,,,,,,,,,,,,,,,,,,,,,,,,,,,,,,,,,,,,,,,,,,,,,1687996800000.0,0.4648,0.4773,0.4612,0.4747,211214558.0,1688083199999.0,99147276.3141,102466.0,99428284.0,46653603.3417,,,,,,,,,,,,,,,,,,,,,,,,,,,,,,,,,,,,,,,,,,,,,,,,,,,,,,,
,,,,,,,,,,,0,,,,,,,,,,,,,,,,,,,,,,,,,,,,,,,,,,,,,,,,,,,,,1688083200000.0,0.4747,0.4827,0.4498,0.4729,393612239.0,1688169599999.0,185778507.6227,219961.0,206804219.0,97637006.3597,,,,,,,,,,,,,,,,,,,,,,,,,,,,,,,,,,,,,,,,,,,,,,,,,,,,,,,
,,,,,,,,,,,0,,,,,,,,,,,,,,,,,,,,,,,,,,,,,,,,,,,,,,,,,,,,,,,,,,,,,,,,1688256000000.0,0.4732,0.4961,0.4697,0.4845,337155089.0,1688342399999.0,163094434.9659,204517.0,169389025.0,81968064.0937,,,,,,,,,,,,,,,,,,,,,,,,,,,,,,,,,,,,,,,,,,,,
,,,,,,,,,,,0,,,,,,,,,,,,,,,,,,,,,,,,,,,,,,,,,,,,,,,,,,,,,,,,,,,,,,,,1688342400000.0,0.4844,0.4914,0.4784,0.489,357020349.0,1688428799999.0,172807675.4956,177511.0,195183785.0,94480944.9343,,,,,,,,,,,,,,,,,,,,,,,,,,,,,,,,,,,,,,,,,,,,
,,,,,,,,,,,0,,,,,,,,,,,,,,,,,,,,,,,,,,,,,,,,,,,,,,,,,,,,,,,,,,,,,,,,1688428800000.0,0.489,0.4935,0.4816,0.4872,299439491.0,1688515199999.0,146031583.7395,139674.0,165140768.0,80532724.3725,,,,,,,,,,,,,,,,,,,,,,,,,,,,,,,,,,,,,,,,,,,,
,,,,,,,,,,,0,,,,,,,,,,,,,,,,,,,,,,,,,,,,,,,,,,,,,,,,,,,,,,,,,,,,,,,,1688515200000.0,0.4872,0.4919,0.4696,0.4777,292620010.0,1688601599999.0,140622559.5325,148600.0,142142736.0,68265941.1787,,,,,,,,,,,,,,,,,,,,,,,,,,,,,,,,,,,,,,,,,,,,
,,,,,,,,,,,0,,,,,,,,,,,,,,,,,,,,,,,,,,,,,,,,,,,,,,,,,,,,,,,,,,,,,,,,1688601600000.0,0.4777,0.4842,0.4612,0.4622,304125111.0,1688687999999.0,143805418.8002,146023.0,145499308.0,68749062.6673,,,,,,,,,,,,,,,,,,,,,,,,,,,,,,,,,,,,,,,,,,,,
,,,,,,,,,,,0,,,,,,,,,,,,,,,,,,,,,,,,,,,,,,,,,,,,,,,,,,,,,,,,,,,,,,,,1688688000000.0,0.4622,0.4708,0.4575,0.4687,230688947.0,1688774399999.0,107533605.7697,98575.0,128623111.0,59963241.0552,,,,,,,,,,,,,,,,,,,,,,,,,,,,,,,,,,,,,,,,,,,,
,,,,,,,,,,,0,,,,,,,,,,,,,,,,,,,,,,,,,,,,,,,,,,,,,,,,,,,,,,,,,,,,,,,,1688774400000.0,0.4686,0.4748,0.4649,0.4704,116031881.0,1688860799999.0,54396568.3464,67003.0,54698166.0,25647459.4666,,,,,,,,,,,,,,,,,,,,,,,,,,,,,,,,,,,,,,,,,,,,
,,,,,,,,,,,0,,,,,,,,,,,,,,,,,,,,,,,,,,,,,,,,,,,,,,,,,,,,,,,,,,,,,,,,1688860800000.0,0.4705,0.4717,0.4664,0.468,80147955.0,1688947199999.0,37629361.6338,49473.0,37615860.0,17660411.6644,,,,,,,,,,,,,,,,,,,,,,,,,,,,,,,,,,,,,,,,,,,,
,,,,,,,,,,,0,,,,,,,,,,,,,,,,,,,,,,,,,,,,,,,,,,,,,,,,,,,,,,,,,,,,,,,,1688947200000.0,0.4681,0.48,0.4622,0.478,334545737.0,1689033599999.0,157526649.3444,128843.0,196678652.0,92586651.0785,,,,,,,,,,,,,,,,,,,,,,,,,,,,,,,,,,,,,,,,,,,,
,,,,,,,,,,,0,,,,,,,,,,,,,,,,,,,,,,,,,,,,,,,,,,,,,,,,,,,,,,,,,,,,,,,,1689033600000.0,0.478,0.4784,0.4709,0.4753,225681776.0,1689119999999.0,107129231.8382,91922.0,142244626.0,67514288.8023,,,,,,,,,,,,,,,,,,,,,,,,,,,,,,,,,,,,,,,,,,,,
,,,,,,,,,,,0,,,,,,,,,,,,,,,,,,,,,,,,,,,,,,,,,,,,,,,,,,,,,,,,,,,,,,,,1689120000000.0,0.4753,0.4772,0.4648,0.471,220670755.0,1689206399999.0,104191095.7675,92981.0,116953580.0,55207497.8442,,,,,,,,,,,,,,,,,,,,,,,,,,,,,,,,,,,,,,,,,,,,
,,,,,,,,,,,0,,,,,,,,,,,,,,,,,,,,,,,,,,,,,,,,,,,,,,,,,,,,,,,,,,,,,,,,1689206400000.0,0.471,0.938,0.4695,0.8153,2499971165.0,1689292799999.0,1758482749.7509,2895839.0,1283335461.0,902411938.54,,,,,,,,,,,,,,,,,,,,,,,,,,,,,,,,,,,,,,,,,,,,
,,,,,,,,,,,0,,,,,,,,,,,,,,,,,,,,,,,,,,,,,,,,,,,,,,,,,,,,,,,,,,,,,,,,1689292800000.0,0.8151,0.8253,0.6686,0.7179,1525175518.0,1689379199999.0,1152019101.9945,1488766.0,747023143.0,564392817.1485,,,,,,,,,,,,,,,,,,,,,,,,,,,,,,,,,,,,,,,,,,,,
,,,,,,,,,,,0,,,,,,,,,,,,,,,,,,,,,,,,,,,,,,,,,,,,,,,,,,,,,,,,,,,,,,,,1689379200000.0,0.7178,0.7362,0.6919,0.7145,703355719.0,1689465599999.0,504452504.4832,570922.0,352604001.0,252898894.666,,,,,,,,,,,,,,,,,,,,,,,,,,,,,,,,,,,,,,,,,,,,
,,,,,,,,,,,0,,,,,,,,,,,,,,,,,,,,,,,,,,,,,,,,,,,,,,,,,,,,,,,,,,,,,,,,1689465600000.0,0.7144,0.79,0.702,0.7468,946644269.0,1689551999999.0,709571949.0654,702277.0,468579505.0,351170171.9395,,,,,,,,,,,,,,,,,,,,,,,,,,,,,,,,,,,,,,,,,,,,
,,,,,,,,,,,0,,,,,,,,,,,,,,,,,,,,,,,,,,,,,,,,,,,,,,,,,,,,,,,,,,,,,,,,1689552000000.0,0.7468,0.7662,0.7122,0.7374,608872143.0,1689638399999.0,450106863.4749,558954.0,290377052.0,214801587.9633,,,,,,,,,,,,,,,,,,,,,,,,,,,,,,,,,,,,,,,,,,,,
,,,,,,,,,,,0,,,,,,,,,,,,,,,,,,,,,,,,,,,,,,,,,,,,,,,,,,,,,,,,,,,,,,,,1689638400000.0,0.7373,0.785,0.7304,0.7779,598030609.0,1689724799999.0,450543299.0257,509457.0,305055600.0,229840410.8998,,,,,,,,,,,,,,,,,,,,,,,,,,,,,,,,,,,,,,,,,,,,
,,,,,,,,,,,0,,,,,,,,,,,,,,,,,,,,,,,,,,,,,,,,,,,,,,,,,,,,,,,,,,,,,,,,1689724800000.0,0.778,0.8547,0.7685,0.8199,913495953.0,1689811199999.0,735553987.5944,802098.0,458229227.0,368957610.6594,,,,,,,,,,,,,,,,,,,,,,,,,,,,,,,,,,,,,,,,,,,,
,,,,,,,,,,,0,,,,,,,,,,,,,,,,,,,,,,,,,,,,,,,,,,,,,,,,,,,,,,,,,,,,,,,,1689811200000.0,0.8198,0.8489,0.771,0.7942,643507521.0,1689897599999.0,521605123.0001,611114.0,306579872.0,248526194.6527,,,,,,,,,,,,,,,,,,,,,,,,,,,,,,,,,,,,,,,,,,,,
,,,,,,,,,,,0,,,,,,,,,,,,,,,,,,,,,,,,,,,,,,,,,,,,,,,,,,,,,,,,,,,,,,,,1689897600000.0,0.7942,0.7987,0.7601,0.7713,411233974.0,1689983999999.0,320767845.9807,365226.0,197345145.0,153928576.3818,,,,,,,,,,,,,,,,,,,,,,,,,,,,,,,,,,,,,,,,,,,,
,,,,,,,,,,,0,,,,,,,,,,,,,,,,,,,,,,,,,,,,,,,,,,,,,,,,,,,,,,,,,,,,,,,,1689984000000.0,0.7713,0.7799,0.7215,0.7331,324984749.0,1690070399999.0,246545025.6818,276750.0,154064874.0,116947966.7013,,,,,,,,,,,,,,,,,,,,,,,,,,,,,,,,,,,,,,,,,,,,
,,,,,,,,,,,0,,,,,,,,,,,,,,,,,,,,,,,,,,,,,,,,,,,,,,,,,,,,,,,,,,,,,,,,1690070400000.0,0.733,0.7525,0.7149,0.7384,293811431.0,1690156799999.0,216785787.3217,238690.0,144354221.0,106520034.9535,,,,,,,,,,,,,,,,,,,,,,,,,,,,,,,,,,,,,,,,,,,,
,,,,,,,,,,,0,,,,,,,,,,,,,,,,,,,,,,,,,,,,,,,,,,,,,,,,,,,,,,,,,,,,,,,,1690156800000.0,0.7384,0.743,0.6808,0.7021,513611905.0,1690243199999.0,363034637.1972,396133.0,253010067.0,178930368.8943,,,,,,,,,,,,,,,,,,,,,,,,,,,,,,,,,,,,,,,,,,,,
,,,,,,,,,,,0,,,,,,,,,,,,,,,,,,,,,,,,,,,,,,,,,,,,,,,,,,,,,,,,,,,,,,,,1690243200000.0,0.702,0.7163,0.6743,0.7089,393523223.0,1690329599999.0,274098541.9027,298525.0,204658105.0,142547972.7419,,,,,,,,,,,,,,,,,,,,,,,,,,,,,,,,,,,,,,,,,,,,
,,,,,,,,,,,0,,,,,,,,,,,,,,,,,,,,,,,,,,,,,,,,,,,,,,,,,,,,,,,,,,,,,,,,1690329600000.0,0.709,0.7313,0.6927,0.7161,369415295.0,1690415999999.0,261953542.4317,285830.0,176482725.0,125112103.7453,,,,,,,,,,,,,,,,,,,,,,,,,,,,,,,,,,,,,,,,,,,,
,,,,,,,,,,,0,,,,,,,,,,,,,,,,,,,,,,,,,,,,,,,,,,,,,,,,,,,,,,,,,,,,,,,,1690416000000.0,0.7161,0.7328,0.7061,0.7139,312450860.0,1690502399999.0,223798115.8014,234866.0,153414664.0,109885193.1948,,,,,,,,,,,,,,,,,,,,,,,,,,,,,,,,,,,,,,,,,,,,
,,,,,,,,,,,0,,,,,,,,,,,,,,,,,,,,,,,,,,,,,,,,,,,,,,,,,,,,,,,,,,,,,,,,1690502400000.0,0.7138,0.7189,0.7021,0.712,200990844.0,1690588799999.0,143020949.8474,151837.0,102076937.0,72626564.2117,,,,,,,,,,,,,,,,,,,,,,,,,,,,,,,,,,,,,,,,,,,,
,,,,,,,,,,,0,,,,,,,,,,,,,,,,,,,,,,,,,,,,,,,,,,,,,,,,,,,,,,,,,,,,,,,,1690588800000.0,0.7119,0.7158,0.7041,0.7121,105603908.0,1690675199999.0,75047405.3508,89353.0,51125021.0,36331593.436,,,,,,,,,,,,,,,,,,,,,,,,,,,,,,,,,,,,,,,,,,,,
,,,,,,,,,,,0,,,,,,,,,,,,,,,,,,,,,,,,,,,,,,,,,,,,,,,,,,,,,,,,,,,,,,,,1690675200000.0,0.7122,0.7358,0.6825,0.7046,267572438.0,1690761599999.0,190600448.5184,210962.0,131622770.0,93779858.533,,,,,,,,,,,,,,,,,,,,,,,,,,,,,,,,,,,,,,,,,,,,
,,,,,,,,,,,0,,,,,,,,,,,,,,,,,,,,,,,,,,,,,,,,,,,,,,,,,,,,,,,,,,,,,,,,1690761600000.0,0.7047,0.7205,0.685,0.6976,378390957.0,1690847999999.0,266346676.5876,269243.0,190713559.0,134212862.3768,,,,,,,,,,,,,,,,,,,,,,,,,,,,,,,,,,,,,,,,,,,,
,,,,,,,,,,,0,,,,,,,,,,,,,,,,,,,,,,,,,,,,,,,,,,,,,,,,,,,,,,,,,,,,,,,,,,,,,,,,,,,1690934400000.0,0.7069,0.7081,0.6762,0.685,257325957.0,1691020799999.0,177961279.0593,174266.0,120665883.0,83461567.5479,,,,,,,,,,,,,,,,,,,,,,,,,,,,,,,,,
,,,,,,,,,,,0,,,,,,,,,,,,,,,,,,,,,,,,,,,,,,,,,,,,,,,,,,,,,,,,,,,,,,,,,,,,,,,,,,,1691020800000.0,0.6849,0.6875,0.6543,0.663,353547025.0,1691107199999.0,236749567.6446,226606.0,174990342.0,117145810.9317,,,,,,,,,,,,,,,,,,,,,,,,,,,,,,,,,
,,,,,,,,,,,0,,,,,,,,,,,,,,,,,,,,,,,,,,,,,,,,,,,,,,,,,,,,,,,,,,,,,,,,,,,,,,,,,,,1691107200000.0,0.6629,0.6677,0.625,0.6356,350885648.0,1691193599999.0,228894407.1158,230924.0,176746535.0,115380799.9996,,,,,,,,,,,,,,,,,,,,,,,,,,,,,,,,,
,,,,,,,,,,,0,,,,,,,,,,,,,,,,,,,,,,,,,,,,,,,,,,,,,,,,,,,,,,,,,,,,,,,,,,,,,,,,,,,1691193600000.0,0.6356,0.6358,0.6106,0.6288,290912373.0,1691279999999.0,181546677.3618,179581.0,136965392.0,85461432.6699,,,,,,,,,,,,,,,,,,,,,,,,,,,,,,,,,
,,,,,,,,,,,0,,,,,,,,,,,,,,,,,,,,,,,,,,,,,,,,,,,,,,,,,,,,,,,,,,,,,,,,,,,,,,,,,,,1691280000000.0,0.6288,0.6388,0.6214,0.624,201522971.0,1691366399999.0,127064254.1824,121397.0,98804635.0,62288303.6444,,,,,,,,,,,,,,,,,,,,,,,,,,,,,,,,,
,,,,,,,,,,,0,,,,,,,,,,,,,,,,,,,,,,,,,,,,,,,,,,,,,,,,,,,,,,,,,,,,,,,,,,,,,,,,,,,1691366400000.0,0.624,0.6299,0.5967,0.6236,446625792.0,1691452799999.0,275111720.6978,240945.0,239747218.0,147715461.7734,,,,,,,,,,,,,,,,,,,,,,,,,,,,,,,,,
,,,,,,,,,,,0,,,,,,,,,,,,,,,,,,,,,,,,,,,,,,,,,,,,,,,,,,,,,,,,,,,,,,,,,,,,,,,,,,,1691452800000.0,0.6235,0.6482,0.6141,0.6418,377837388.0,1691539199999.0,237638533.3265,232904.0,195793475.0,123088717.6557,,,,,,,,,,,,,,,,,,,,,,,,,,,,,,,,,
,,,,,,,,,,,0,,,,,,,,,,,,,,,,,,,,,,,,,,,,,,,,,,,,,,,,,,,,,,,,,,,,,,,,,,,,,,,,,,,1691539200000.0,0.6418,0.6662,0.6314,0.6433,440268396.0,1691625599999.0,285460658.8725,314311.0,210533282.0,136582312.8694,,,,,,,,,,,,,,,,,,,,,,,,,,,,,,,,,
,,,,,,,,,,,0,,,,,,,,,,,,,,,,,,,,,,,,,,,,,,,,,,,,,,,,,,,,,,,,,,,,,,,,,,,,,,,,,,,1691625600000.0,0.6434,0.6445,0.6241,0.6331,294658012.0,1691711999999.0,186480960.7635,185661.0,147223726.0,93170481.4982,,,,,,,,,,,,,,,,,,,,,,,,,,,,,,,,,
,,,,,,,,,,,0,,,,,,,,,,,,,,,,,,,,,,,,,,,,,,,,,,,,,,,,,,,,,,,,,,,,,,,,,,,,,,,,,,,1691712000000.0,0.6331,0.6413,0.6257,0.6318,225898829.0,1691798399999.0,142904471.5788,120251.0,123365934.0,78048700.3386,,,,,,,,,,,,,,,,,,,,,,,,,,,,,,,,,
,,,,,,,,,,,0,,,,,,,,,,,,,,,,,,,,,,,,,,,,,,,,,,,,,,,,,,,,,,,,,,,,,,,,,,,,,,,,,,,1691798400000.0,0.6317,0.6335,0.6224,0.6276,87289374.0,1691884799999.0,54910098.7887,65669.0,40329277.0,25364808.3626,,,,,,,,,,,,,,,,,,,,,,,,,,,,,,,,,
,,,,,,,,,,,0,,,,,,,,,,,,,,,,,,,,,,,,,,,,,,,,,,,,,,,,,,,,,,,,,,,,,,,,,,,,,,,,,,,1691884800000.0,0.6276,0.6385,0.6235,0.6256,137308778.0,1691971199999.0,86527939.4537,83412.0,69143337.0,43591575.8959,,,,,,,,,,,,,,,,,,,,,,,,,,,,,,,,,
,,,,,,,,,,,0,,,,,,,,,,,,,,,,,,,,,,,,,,,,,,,,,,,,,,,,,,,,,,,,,,,,,,,,,,,,,,,,,,,1691971200000.0,0.6256,0.6369,0.6241,0.6343,260175236.0,1692057599999.0,163740850.5512,127557.0,144956012.0,91223903.574,,,,,,,,,,,,,,,,,,,,,,,,,,,,,,,,,
,,,,,,,,,,,0,,,,,,,,,,,,,,,,,,,,,,,,,,,,,,,,,,,,,,,,,,,,,,,,,,,,,,,,,,,,,,,,,,,1692057600000.0,0.6342,0.6348,0.58,0.6104,388356202.0,1692143999999.0,238684860.1785,218779.0,199337884.0,122697326.0322,,,,,,,,,,,,,,,,,,,,,,,,,,,,,,,,,
,,,,,,,,,,,0,,,,,,,,,,,,,,,,,,,,,,,,,,,,,,,,,,,,,,,,,,,,,,,,,,,,,,,,,,,,,,,,,,,1692144000000.0,0.6104,0.617,0.572,0.5889,581618879.0,1692230399999.0,346941847.5022,279695.0,269002603.0,160403480.1705,,,,,,,,,,,,,,,,,,,,,,,,,,,,,,,,,
,,,,,,,,,,,0,,,,,,,,,,,,,,,,,,,,,,,,,,,,,,,,,,,,,,,,,,,,,,,,,,,,,,,,,,,,,,,,,,,1692230400000.0,0.589,0.5948,0.4226,0.5064,847602528.0,1692316799999.0,457574867.9969,561395.0,400999026.0,216345951.2019,,,,,,,,,,,,,,,,,,,,,,,,,,,,,,,,,
,,,,,,,,,,,0,,,,,,,,,,,,,,,,,,,,,,,,,,,,,,,,,,,,,,,,,,,,,,,,,,,,,,,,,,,,,,,,,,,1692316800000.0,0.5064,0.523,0.4829,0.5062,724839898.0,1692403199999.0,364518617.2381,408177.0,366575412.0,184344265.6703,,,,,,,,,,,,,,,,,,,,,,,,,,,,,,,,,
,,,,,,,,,,,0,,,,,,,,,,,,,,,,,,,,,,,,,,,,,,,,,,,,,,,,,,,,,,,,,,,,,,,,,,,,,,,,,,,1692403200000.0,0.5062,0.5249,0.5006,0.5199,298930279.0,1692489599999.0,153282783.436,150689.0,154895921.0,79449694.2733,,,,,,,,,,,,,,,,,,,,,,,,,,,,,,,,,
,,,,,,,,,,,0,,,,,,,,,,,,,,,,,,,,,,,,,,,,,,,,,,,,,,,,,,,,,,,,,,,,,,,,,,,,,,,,,,,1692489600000.0,0.52,0.5582,0.516,0.5384,452910011.0,1692575999999.0,243112521.7842,239464.0,232153394.0,124661740.4043,,,,,,,,,,,,,,,,,,,,,,,,,,,,,,,,,
,,,,,,,,,,,0,,,,,,,,,,,,,,,,,,,,,,,,,,,,,,,,,,,,,,,,,,,,,,,,,,,,,,,,,,,,,,,,,,,1692576000000.0,0.5385,0.5398,0.503,0.5245,528716245.0,1692662399999.0,276083692.1019,252648.0,272749275.0,142451659.1133,,,,,,,,,,,,,,,,,,,,,,,,,,,,,,,,,
,,,,,,,,,,,0,,,,,,,,,,,,,,,,,,,,,,,,,,,,,,,,,,,,,,,,,,,,,,,,,,,,,,,,,,,,,,,,,,,1692662400000.0,0.5245,0.5256,0.5032,0.521,422200069.0,1692748799999.0,217743145.7154,188540.0,218157198.0,112545160.5039,,,,,,,,,,,,,,,,,,,,,,,,,,,,,,,,,
,,,,,,,,,,,0,,,,,,,,,,,,,,,,,,,,,,,,,,,,,,,,,,,,,,,,,,,,,,,,,,,,,,,,,,,,,,,,,,,1692748800000.0,0.5211,0.5368,0.5157,0.5301,286855957.0,1692835199999.0,150276948.65,147779.0,141137280.0,73948786.8492,,,,,,,,,,,,,,,,,,,,,,,,,,,,,,,,,
,,,,,,,,,,,0,,,,,,,,,,,,,,,,,,,,,,,,,,,,,,,,,,,,,,,,,,,,,,,,,,,,,,,,,,,,,,,,,,,1692835200000.0,0.5302,0.5319,0.5111,0.5187,252154333.0,1692921599999.0,131630382.9377,119874.0,123755650.0,64586965.5451,,,,,,,,,,,,,,,,,,,,,,,,,,,,,,,,,
,,,,,,,,,,,0,,,,,,,,,,,,,,,,,,,,,,,,,,,,,,,,,,,,,,,,,,,,,,,,,,,,,,,,,,,,,,,,,,,1692921600000.0,0.5187,0.5319,0.5078,0.5258,326124248.0,1693007999999.0,168716071.9142,153423.0,170560378.0,88256914.4742,,,,,,,,,,,,,,,,,,,,,,,,,,,,,,,,,
,,,,,,,,,,,0,,,,,,,,,,,,,,,,,,,,,,,,,,,,,,,,,,,,,,,,,,,,,,,,,,,,,,,,,,,,,,,,,,,1693008000000.0,0.5258,0.5283,0.5178,0.5231,110436094.0,1693094399999.0,57772395.7492,63903.0,54969599.0,28763660.3758,,,,,,,,,,,,,,,,,,,,,,,,,,,,,,,,,
,,,,,,,,,,,0,,,,,,,,,,,,,,,,,,,,,,,,,,,,,,,,,,,,,,,,,,,,,,,,,,,,,,,,,,,,,,,,,,,1693094400000.0,0.5231,0.5303,0.5163,0.5236,132391247.0,1693180799999.0,69622811.3558,70834.0,69357564.0,36474906.9884,,,,,,,,,,,,,,,,,,,,,,,,,,,,,,,,,
,,,,,,,,,,,0,,,,,,,,,,,,,,,,,,,,,,,,,,,,,,,,,,,,,,,,,,,,,,,,,,,,,,,,,,,,,,,,,,,1693180800000.0,0.5235,0.525,0.5102,0.5232,266211960.0,1693267199999.0,138002651.4955,113377.0,147203511.0,76323852.629,,,,,,,,,,,,,,,,,,,,,,,,,,,,,,,,,
,,,,,,,,,,,0,,,,,,,,,,,,,,,,,,,,,,,,,,,,,,,,,,,,,,,,,,,,,,,,,,,,,,,,,,,,,,,,,,,1693267200000.0,0.5232,0.5496,0.5131,0.5398,458921685.0,1693353599999.0,243625243.1025,217227.0,239623870.0,127023861.2002,,,,,,,,,,,,,,,,,,,,,,,,,,,,,,,,,
,,,,,,,,,,,0,,,,,,,,,,,,,,,,,,,,,,,,,,,,,,,,,,,,,,,,,,,,,,,,,,,,,,,,,,,,,,,,,,,1693353600000.0,0.5398,0.5404,0.5216,0.5284,279526116.0,1693439999999.0,148049982.3458,117945.0,140504186.0,74411065.8872,,,,,,,,,,,,,,,,,,,,,,,,,,,,,,,,,
,,,,,,,,,,,0,,,,,,,,,,,,,,,,,,,,,,,,,,,,,,,,,,,,,,,,,,,,,,,,,,,,,,,,,,,,,,,,,,,1693440000000.0,0.5284,0.5288,0.495,0.511,359350681.0,1693526399999.0,185642613.429,164905.0,181684019.0,93856000.845,,,,,,,,,,,,,,,,,,,,,,,,,,,,,,,,,
,,,,,,,,,,,0,,,,,,,,,,,,,,,,,,,,,,,,,,,,,,,,,,,,,,,,,,,,,,,,,,,,,,,,,,,,,,,,,,,,,,,,,,,,,,1693612800000.0,0.4981,0.5029,0.4943,0.4988,173634913.0,1693699199999.0,86413967.259,79123.0,91500733.0,45546277.0434,,,,,,,,,,,,,,,,,,,,,,
,,,,,,,,,,,0,,,,,,,,,,,,,,,,,,,,,,,,,,,,,,,,,,,,,,,,,,,,,,,,,,,,,,,,,,,,,,,,,,,,,,,,,,,,,,1693699200000.0,0.4989,0.5107,0.4971,0.5047,148603214.0,1693785599999.0,74878959.3547,75137.0,77527599.0,39068328.3745,,,,,,,,,,,,,,,,,,,,,,
,,,,,,,,,,,0,,,,,,,,,,,,,,,,,,,,,,,,,,,,,,,,,,,,,,,,,,,,,,,,,,,,,,,,,,,,,,,,,,,,,,,,,,,,,,1693785600000.0,0.5047,0.513,0.4966,0.5087,293271541.0,1693871999999.0,148200901.2522,120518.0,158135856.0,79918791.8679,,,,,,,,,,,,,,,,,,,,,,
,,,,,,,,,,,0,,,,,,,,,,,,,,,,,,,,,,,,,,,,,,,,,,,,,,,,,,,,,,,,,,,,,,,,,,,,,,,,,,,,,,,,,,,,,,1693872000000.0,0.5087,0.5088,0.499,0.5056,260333041.0,1693958399999.0,131087885.2647,101751.0,144411083.0,72731672.4906,,,,,,,,,,,,,,,,,,,,,,
,,,,,,,,,,,0,,,,,,,,,,,,,,,,,,,,,,,,,,,,,,,,,,,,,,,,,,,,,,,,,,,,,,,,,,,,,,,,,,,,,,,,,,,,,,1693958400000.0,0.5056,0.5058,0.4909,0.5033,255134232.0,1694044799999.0,127756291.7953,102329.0,123848270.0,62014296.1656,,,,,,,,,,,,,,,,,,,,,,
,,,,,,,,,,,0,,,,,,,,,,,,,,,,,,,,,,,,,,,,,,,,,,,,,,,,,,,,,,,,,,,,,,,,,,,,,,,,,,,,,,,,,,,,,,1694044800000.0,0.5033,0.5069,0.4965,0.505,209969723.0,1694131199999.0,105141976.2839,91757.0,102975196.0,51566842.6172,,,,,,,,,,,,,,,,,,,,,,
,,,,,,,,,,,0,,,,,,,,,,,,,,,,,,,,,,,,,,,,,,,,,,,,,,,,,,,,,,,,,,,,,,,,,,,,,,,,,,,,,,,,,,,,,,1694131200000.0,0.5051,0.5076,0.4941,0.505,223628172.0,1694217599999.0,112392001.6491,95729.0,120272281.0,60463044.7665,,,,,,,,,,,,,,,,,,,,,,
,,,,,,,,,,,0,,,,,,,,,,,,,,,,,,,,,,,,,,,,,,,,,,,,,,,,,,,,,,,,,,,,,,,,,,,,,,,,,,,,,,,,,,,,,,1694217600000.0,0.5049,0.5049,0.5015,0.5038,69132813.0,1694303999999.0,34798028.5372,38367.0,35071176.0,17653495.2676,,,,,,,,,,,,,,,,,,,,,,
,,,,,,,,,,,0,,,,,,,,,,,,,,,,,,,,,,,,,,,,,,,,,,,,,,,,,,,,,,,,,,,,,,,,,,,,,,,,,,,,,,,,,,,,,,1694304000000.0,0.5038,0.5039,0.4923,0.4969,144849888.0,1694390399999.0,72189553.5313,73444.0,72227525.0,35998515.9959,,,,,,,,,,,,,,,,,,,,,,
,,,,,,,,,,,0,,,,,,,,,,,,,,,,,,,,,,,,,,,,,,,,,,,,,,,,,,,,,,,,,,,,,,,,,,,,,,,,,,,,,,,,,,,,,,1694390400000.0,0.4969,0.4982,0.459,0.4744,484437445.0,1694476799999.0,231551329.5379,199473.0,264691203.0,126542736.9758,,,,,,,,,,,,,,,,,,,,,,
,,,,,,,,,,,0,,,,,,,,,,,,,,,,,,,,,,,,,,,,,,,,,,,,,,,,,,,,,,,,,,,,,,,,,,,,,,,,,,,,,,,,,,,,,,1694476800000.0,0.4744,0.4867,0.47,0.4804,356403388.0,1694563199999.0,170451184.1332,157173.0,199985277.0,95632256.0693,,,,,,,,,,,,,,,,,,,,,,
,,,,,,,,,,,0,,,,,,,,,,,,,,,,,,,,,,,,,,,,,,,,,,,,,,,,,,,,,,,,,,,,,,,,,,,,,,,,,,,,,,,,,,,,,,1694563200000.0,0.4804,0.4897,0.4723,0.4832,274586793.0,1694649599999.0,131944337.0568,120668.0,134459146.0,64605482.2974,,,,,,,,,,,,,,,,,,,,,,
,,,,,,,,,,,0,,,,,,,,,,,,,,,,,,,,,,,,,,,,,,,,,,,,,,,,,,,,,,,,,,,,,,,,,,,,,,,,,,,,,,,,,,,,,,1694649600000.0,0.4833,0.4941,0.4799,0.4892,232539752.0,1694735999999.0,112816288.3825,104856.0,117719680.0,57098592.5983,,,,,,,,,,,,,,,,,,,,,,
,,,,,,,,,,,0,,,,,,,,,,,,,,,,,,,,,,,,,,,,,,,,,,,,,,,,,,,,,,,,,,,,,,,,,,,,,,,,,,,,,,,,,,,,,,1694736000000.0,0.4892,0.5086,0.4874,0.5005,305608308.0,1694822399999.0,151756322.9436,148714.0,161120758.0,80024791.8279,,,,,,,,,,,,,,,,,,,,,,
,,,,,,,,,,,0,,,,,,,,,,,,,,,,,,,,,,,,,,,,,,,,,,,,,,,,,,,,,,,,,,,,,,,,,,,,,,,,,,,,,,,,,,,,,,1694822400000.0,0.5004,0.5035,0.4968,0.4998,132881408.0,1694908799999.0,66494200.1416,69955.0,60242932.0,30147561.3777,,,,,,,,,,,,,,,,,,,,,,
,,,,,,,,,,,0,,,,,,,,,,,,,,,,,,,,,,,,,,,,,,,,,,,,,,,,,,,,,,,,,,,,,,,,,,,,,,,,,,,,,,,,,,,,,,1694908800000.0,0.4997,0.5004,0.4894,0.4925,142846615.0,1694995199999.0,70781411.8491,77296.0,67806967.0,33601870.1969,,,,,,,,,,,,,,,,,,,,,,
,,,,,,,,,,,0,,,,,,,,,,,,,,,,,,,,,,,,,,,,,,,,,,,,,,,,,,,,,,,,,,,,,,,,,,,,,,,,,,,,,,,,,,,,,,1694995200000.0,0.4925,0.5077,0.4864,0.503,298374742.0,1695081599999.0,148765121.6648,141284.0,162051650.0,80796803.8359,,,,,,,,,,,,,,,,,,,,,,
,,,,,,,,,,,0,,,,,,,,,,,,,,,,,,,,,,,,,,,,,,,,,,,,,,,,,,,,,,,,,,,,,,,,,,,,,,,,,,,,,,,,,,,,,,1695081600000.0,0.503,0.5166,0.5005,0.514,295258283.0,1695167999999.0,150372427.5183,133750.0,156742817.0,79824699.9772,,,,,,,,,,,,,,,,,,,,,,
,,,,,,,,,,,0,,,,,,,,,,,,,,,,,,,,,,,,,,,,,,,,,,,,,,,,,,,,,,,,,,,,,,,,,,,,,,,,,,,,,,,,,,,,,,1695168000000.0,0.5139,0.5254,0.5065,0.5212,288497937.0,1695254399999.0,149026404.1864,158253.0,142322211.0,73525015.5807,,,,,,,,,,,,,,,,,,,,,,
,,,,,,,,,,,0,,,,,,,,,,,,,,,,,,,,,,,,,,,,,,,,,,,,,,,,,,,,,,,,,,,,,,,,,,,,,,,,,,,,,,,,,,,,,,1695254400000.0,0.5213,0.5214,0.5001,0.5071,277323578.0,1695340799999.0,141242377.4972,136496.0,130468517.0,66439264.0782,,,,,,,,,,,,,,,,,,,,,,
,,,,,,,,,,,0,,,,,,,,,,,,,,,,,,,,,,,,,,,,,,,,,,,,,,,,,,,,,,,,,,,,,,,,,,,,,,,,,,,,,,,,,,,,,,1695340800000.0,0.5072,0.517,0.5036,0.5122,233893377.0,1695427199999.0,119497921.1554,110454.0,123565418.0,63137263.936,,,,,,,,,,,,,,,,,,,,,,
,,,,,,,,,,,0,,,,,,,,,,,,,,,,,,,,,,,,,,,,,,,,,,,,,,,,,,,,,,,,,,,,,,,,,,,,,,,,,,,,,,,,,,,,,,1695427200000.0,0.5122,0.5138,0.5055,0.5076,101716334.0,1695513599999.0,51932821.0136,58142.0,49616069.0,25329747.7447,,,,,,,,,,,,,,,,,,,,,,
,,,,,,,,,,,0,,,,,,,,,,,,,,,,,,,,,,,,,,,,,,,,,,,,,,,,,,,,,,,,,,,,,,,,,,,,,,,,,,,,,,,,,,,,,,1695513600000.0,0.5076,0.5118,0.4984,0.5021,112889323.0,1695599999999.0,57298613.7007,62706.0,53403822.0,27105177.2735,,,,,,,,,,,,,,,,,,,,,,
,,,,,,,,,,,0,,,,,,,,,,,,,,,,,,,,,,,,,,,,,,,,,,,,,,,,,,,,,,,,,,,,,,,,,,,,,,,,,,,,,,,,,,,,,,1695600000000.0,0.502,0.5072,0.4912,0.5056,303674393.0,1695686399999.0,151571274.4503,136979.0,166339963.0,83029751.1683,,,,,,,,,,,,,,,,,,,,,,
,,,,,,,,,,,0,,,,,,,,,,,,,,,,,,,,,,,,,,,,,,,,,,,,,,,,,,,,,,,,,,,,,,,,,,,,,,,,,,,,,,,,,,,,,,1695686400000.0,0.5056,0.5075,0.496,0.5019,271054261.0,1695772799999.0,136072298.7207,114431.0,149252617.0,74936633.0802,,,,,,,,,,,,,,,,,,,,,,
,,,,,,,,,,,0,,,,,,,,,,,,,,,,,,,,,,,,,,,,,,,,,,,,,,,,,,,,,,,,,,,,,,,,,,,,,,,,,,,,,,,,,,,,,,1695772800000.0,0.5019,0.5071,0.4968,0.4993,237514582.0,1695859199999.0,119114611.0416,96466.0,111402400.0,55867840.1038,,,,,,,,,,,,,,,,,,,,,,
,,,,,,,,,,,0,,,,,,,,,,,,,,,,,,,,,,,,,,,,,,,,,,,,,,,,,,,,,,,,,,,,,,,,,,,,,,,,,,,,,,,,,,,,,,1695859200000.0,0.4993,0.5102,0.4952,0.5098,247906960.0,1695945599999.0,124424022.7492,112462.0,112647783.0,56545530.0191,,,,,,,,,,,,,,,,,,,,,,
,,,,,,,,,,,0,,,,,,,,,,,,,,,,,,,,,,,,,,,,,,,,,,,,,,,,,,,,,,,,,,,,,,,,,,,,,,,,,,,,,,,,,,,,,,1695945600000.0,0.5097,0.5494,0.5061,0.5215,604996777.0,1696031999999.0,318719390.9093,293360.0,307468655.0,161922962.1947,,,,,,,,,,,,,,,,,,,,,,
,,,,,,,,,,,0,,,,,,,,,,,,,,,,,,,,,,,,,,,,,,,,,,,,,,,,,,,,,,,,,,,,,,,,,,,,,,,,,,,,,,,,,,,,,,1696032000000.0,0.5215,0.5218,0.5134,0.5149,144866051.0,1696118399999.0,74870559.5311,90666.0,64164148.0,33169129.1898,,,,,,,,,,,,,,,,,,,,,,
,,,,,,,,,,,0,,,,,,,,,,,,,,,,,,,,,,,,,,,,,,,,,,,,,,,,,,,,,,,,,,,,,,,,,,,,,,,,,,,,,,,,,,,,,,,,,,,,,,,,,1696204800000.0,0.524,0.5266,0.5075,0.5123,319018957.0,1696291199999.0,165774736.408,154104.0,166196254.0,86401262.9213,,,,,,,,,,,
,,,,,,,,,,,0,,,,,,,,,,,,,,,,,,,,,,,,,,,,,,,,,,,,,,,,,,,,,,,,,,,,,,,,,,,,,,,,,,,,,,,,,,,,,,,,,,,,,,,,,1696291200000.0,0.5122,0.5479,0.5055,0.539,398167814.0,1696377599999.0,206974439.7289,201496.0,203694962.0,105900255.6183,,,,,,,,,,,
,,,,,,,,,,,0,,,,,,,,,,,,,,,,,,,,,,,,,,,,,,,,,,,,,,,,,,,,,,,,,,,,,,,,,,,,,,,,,,,,,,,,,,,,,,,,,,,,,,,,,1696377600000.0,0.5391,0.5426,0.5194,0.5326,422012491.0,1696463999999.0,224478611.1085,252846.0,196513456.0,104534460.9462,,,,,,,,,,,
,,,,,,,,,,,0,,,,,,,,,,,,,,,,,,,,,,,,,,,,,,,,,,,,,,,,,,,,,,,,,,,,,,,,,,,,,,,,,,,,,,,,,,,,,,,,,,,,,,,,,1696464000000.0,0.5326,0.5326,0.5155,0.5227,234313709.0,1696550399999.0,122773047.4518,124894.0,102534761.0,53727987.3092,,,,,,,,,,,
,,,,,,,,,,,0,,,,,,,,,,,,,,,,,,,,,,,,,,,,,,,,,,,,,,,,,,,,,,,,,,,,,,,,,,,,,,,,,,,,,,,,,,,,,,,,,,,,,,,,,1696550400000.0,0.5227,0.5298,0.5169,0.5255,219784262.0,1696636799999.0,114860940.6825,108276.0,108610178.0,56774850.4501,,,,,,,,,,,
,,,,,,,,,,,0,,,,,,,,,,,,,,,,,,,,,,,,,,,,,,,,,,,,,,,,,,,,,,,,,,,,,,,,,,,,,,,,,,,,,,,,,,,,,,,,,,,,,,,,,1696636800000.0,0.5255,0.5258,0.5197,0.5216,63137112.0,1696723199999.0,32985340.1246,42699.0,27457388.0,14345149.3598,,,,,,,,,,,
,,,,,,,,,,,0,,,,,,,,,,,,,,,,,,,,,,,,,,,,,,,,,,,,,,,,,,,,,,,,,,,,,,,,,,,,,,,,,,,,,,,,,,,,,,,,,,,,,,,,,1696723200000.0,0.5216,0.5234,0.5153,0.5174,82864720.0,1696809599999.0,43049947.7345,47808.0,36987080.0,19218933.5501,,,,,,,,,,,
,,,,,,,,,,,0,,,,,,,,,,,,,,,,,,,,,,,,,,,,,,,,,,,,,,,,,,,,,,,,,,,,,,,,,,,,,,,,,,,,,,,,,,,,,,,,,,,,,,,,,1696809600000.0,0.5174,0.5201,0.4875,0.5027,322604658.0,1696895999999.0,162917539.6957,168707.0,163273142.0,82489936.6541,,,,,,,,,,,
,,,,,,,,,,,0,,,,,,,,,,,,,,,,,,,,,,,,,,,,,,,,,,,,,,,,,,,,,,,,,,,,,,,,,,,,,,,,,,,,,,,,,,,,,,,,,,,,,,,,,1696896000000.0,0.5027,0.5027,0.4917,0.4965,228001743.0,1696982399999.0,113450223.3424,105934.0,120875971.0,60149312.9918,,,,,,,,,,,
,,,,,,,,,,,0,,,,,,,,,,,,,,,,,,,,,,,,,,,,,,,,,,,,,,,,,,,,,,,,,,,,,,,,,,,,,,,,,,,,,,,,,,,,,,,,,,,,,,,,,1696982400000.0,0.4964,0.4977,0.4788,0.4888,241504648.0,1697068799999.0,117525638.5842,120496.0,118211153.0,57514805.5661,,,,,,,,,,,
,,,,,,,,,,,0,,,,,,,,,,,,,,,,,,,,,,,,,,,,,,,,,,,,,,,,,,,,,,,,,,,,,,,,,,,,,,,,,,,,,,,,,,,,,,,,,,,,,,,,,1697068800000.0,0.4889,0.4889,0.4729,0.483,259545095.0,1697155199999.0,124638564.2861,119543.0,126255506.0,60611492.3768,,,,,,,,,,,
,,,,,,,,,,,0,,,,,,,,,,,,,,,,,,,,,,,,,,,,,,,,,,,,,,,,,,,,,,,,,,,,,,,,,,,,,,,,,,,,,,,,,,,,,,,,,,,,,,,,,1697155200000.0,0.4831,0.4907,0.4786,0.4851,257150898.0,1697241599999.0,124170633.8704,111281.0,138564974.0,66913667.2706,,,,,,,,,,,
,,,,,,,,,,,0,,,,,,,,,,,,,,,,,,,,,,,,,,,,,,,,,,,,,,,,,,,,,,,,,,,,,,,,,,,,,,,,,,,,,,,,,,,,,,,,,,,,,,,,,1697241600000.0,0.4852,0.4883,0.4835,0.4865,93826664.0,1697327999999.0,45567697.421,48460.0,43842373.0,21290202.9247,,,,,,,,,,,
,,,,,,,,,,,0,,,,,,,,,,,,,,,,,,,,,,,,,,,,,,,,,,,,,,,,,,,,,,,,,,,,,,,,,,,,,,,,,,,,,,,,,,,,,,,,,,,,,,,,,1697328000000.0,0.4866,0.4902,0.485,0.4874,101648635.0,1697414399999.0,49526308.3315,52730.0,48542625.0,23654083.2841,,,,,,,,,,,
,,,,,,,,,,,0,,,,,,,,,,,,,,,,,,,,,,,,,,,,,,,,,,,,,,,,,,,,,,,,,,,,,,,,,,,,,,,,,,,,,,,,,,,,,,,,,,,,,,,,,1697414400000.0,0.4874,0.5109,0.485,0.4978,405705160.0,1697500799999.0,200854473.229,175199.0,209838813.0,103850732.2169,,,,,,,,,,,
,,,,,,,,,,,0,,,,,,,,,,,,,,,,,,,,,,,,,,,,,,,,,,,,,,,,,,,,,,,,,,,,,,,,,,,,,,,,,,,,,,,,,,,,,,,,,,,,,,,,,1697500800000.0,0.4977,0.498,0.4845,0.4912,268586946.0,1697587199999.0,131923465.6873,120034.0,139102789.0,68346840.8099,,,,,,,,,,,
,,,,,,,,,,,0,,,,,,,,,,,,,,,,,,,,,,,,,,,,,,,,,,,,,,,,,,,,,,,,,,,,,,,,,,,,,,,,,,,,,,,,,,,,,,,,,,,,,,,,,1697587200000.0,0.4911,0.4924,0.4855,0.4878,202731261.0,1697673599999.0,99190110.2404,93794.0,95507745.0,46730314.3613,,,,,,,,,,,
,,,,,,,,,,,0,,,,,,,,,,,,,,,,,,,,,,,,,,,,,,,,,,,,,,,,,,,,,,,,,,,,,,,,,,,,,,,,,,,,,,,,,,,,,,,,,,,,,,,,,1697673600000.0,0.4878,0.5245,0.4769,0.5197,445455672.0,1697759999999.0,221204640.8187,235163.0,225107522.0,111914414.8453,,,,,,,,,,,
,,,,,,,,,,,0,,,,,,,,,,,,,,,,,,,,,,,,,,,,,,,,,,,,,,,,,,,,,,,,,,,,,,,,,,,,,,,,,,,,,,,,,,,,,,,,,,,,,,,,,1697760000000.0,0.5197,0.5309,0.5084,0.5149,412008957.0,1697846399999.0,213465377.0241,270506.0,205217825.0,106354592.2909,,,,,,,,,,,
,,,,,,,,,,,0,,,,,,,,,,,,,,,,,,,,,,,,,,,,,,,,,,,,,,,,,,,,,,,,,,,,,,,,,,,,,,,,,,,,,,,,,,,,,,,,,,,,,,,,,1697846400000.0,0.515,0.5325,0.5109,0.5208,179110644.0,1697932799999.0,93228244.9386,124952.0,80712196.0,42039537.8361,,,,,,,,,,,
,,,,,,,,,,,0,,,,,,,,,,,,,,,,,,,,,,,,,,,,,,,,,,,,,,,,,,,,,,,,,,,,,,,,,,,,,,,,,,,,,,,,,,,,,,,,,,,,,,,,,1697932800000.0,0.5208,0.5242,0.5118,0.5226,165306102.0,1698019199999.0,85805435.8149,110334.0,76453578.0,39686484.0768,,,,,,,,,,,
,,,,,,,,,,,0,,,,,,,,,,,,,,,,,,,,,,,,,,,,,,,,,,,,,,,,,,,,,,,,,,,,,,,,,,,,,,,,,,,,,,,,,,,,,,,,,,,,,,,,,1698019200000.0,0.5226,0.5536,0.5199,0.5475,522483834.0,1698105599999.0,278286849.1031,316448.0,266647117.0,141985590.3936,,,,,,,,,,,
,,,,,,,,,,,0,,,,,,,,,,,,,,,,,,,,,,,,,,,,,,,,,,,,,,,,,,,,,,,,,,,,,,,,,,,,,,,,,,,,,,,,,,,,,,,,,,,,,,,,,1698105600000.0,0.5475,0.5866,0.5346,0.5588,798801237.0,1698191999999.0,445409828.1721,522803.0,379754729.0,211957219.7792,,,,,,,,,,,
,,,,,,,,,,,0,,,,,,,,,,,,,,,,,,,,,,,,,,,,,,,,,,,,,,,,,,,,,,,,,,,,,,,,,,,,,,,,,,,,,,,,,,,,,,,,,,,,,,,,,1698192000000.0,0.5587,0.5639,0.5404,0.5552,369106629.0,1698278399999.0,204340817.5026,231634.0,172405035.0,95433855.9626,,,,,,,,,,,
,,,,,,,,,,,0,,,,,,,,,,,,,,,,,,,,,,,,,,,,,,,,,,,,,,,,,,,,,,,,,,,,,,,,,,,,,,,,,,,,,,,,,,,,,,,,,,,,,,,,,1698278400000.0,0.5552,0.5695,0.5426,0.5533,397423009.0,1698364799999.0,220409474.949,239506.0,184267960.0,102188634.8833,,,,,,,,,,,
,,,,,,,,,,,0,,,,,,,,,,,,,,,,,,,,,,,,,,,,,,,,,,,,,,,,,,,,,,,,,,,,,,,,,,,,,,,,,,,,,,,,,,,,,,,,,,,,,,,,,1698364800000.0,0.5534,0.5588,0.5325,0.543,312543838.0,1698451199999.0,171491048.3712,179059.0,155341688.0,85222513.6857,,,,,,,,,,,
,,,,,,,,,,,0,,,,,,,,,,,,,,,,,,,,,,,,,,,,,,,,,,,,,,,,,,,,,,,,,,,,,,,,,,,,,,,,,,,,,,,,,,,,,,,,,,,,,,,,,1698451200000.0,0.543,0.5506,0.5405,0.5446,110912293.0,1698537599999.0,60491790.5594,75484.0,53184502.0,29010312.4171,,,,,,,,,,,
,,,,,,,,,,,0,,,,,,,,,,,,,,,,,,,,,,,,,,,,,,,,,,,,,,,,,,,,,,,,,,,,,,,,,,,,,,,,,,,,,,,,,,,,,,,,,,,,,,,,,1698537600000.0,0.5446,0.5614,0.5405,0.5561,160069611.0,1698623999999.0,88554355.8106,111204.0,73781934.0,40807822.9485,,,,,,,,,,,
,,,,,,,,,,,0,,,,,,,,,,,,,,,,,,,,,,,,,,,,,,,,,,,,,,,,,,,,,,,,,,,,,,,,,,,,,,,,,,,,,,,,,,,,,,,,,,,,,,,,,1698624000000.0,0.556,0.5843,0.5494,0.578,436757242.0,1698710399999.0,248232480.4328,249097.0,220367736.0,125182701.7888,,,,,,,,,,,
,,,,,,,,,,,0,,,,,,,,,,,,,,,,,,,,,,,,,,,,,,,,,,,,,,,,,,,,,,,,,,,,,,,,,,,,,,,,,,,,,,,,,,,,,,,,,,,,,,,,,1698710400000.0,0.578,0.6213,0.5627,0.5996,621793128.0,1698796799999.0,368660558.7841,405292.0,310096261.0,183809081.5804,,,,,,,,,,,
,,,,,,,,,,,0,,,,,,,,,,,,,,,,,,,,,,,,,,,,,,,,,,,,,,,,,,,,,,,,,,,,,,,,,,,,,,,,,,,,,,,,,,,,,,,,,,,,,,,,,,,,,,,,,,,,1698883200000.0,0.6084,0.6262,0.5865,0.6054,438254076.0,1698969599999.0,266920463.1922,306768.0,212206244.0,129299367.6406
,,,,,,,,,,,0,,,,,,,,,,,,,,,,,,,,,,,,,,,,,,,,,,,,,,,,,,,,,,,,,,,,,,,,,,,,,,,,,,,,,,,,,,,,,,,,,,,,,,,,,,,,,,,,,,,,1698969600000.0,0.6053,0.615,0.5914,0.6121,329096876.0,1699055999999.0,198763348.2491,241510.0,165729619.0,100148620.3018
,,,,,,,,,,,0,,,,,,,,,,,,,,,,,,,,,,,,,,,,,,,,,,,,,,,,,,,,,,,,,,,,,,,,,,,,,,,,,,,,,,,,,,,,,,,,,,,,,,,,,,,,,,,,,,,,1699056000000.0,0.612,0.6181,0.6083,0.6149,142897570.0,1699142399999.0,87555326.7674,117676.0,68066608.0,41708243.0958
,,,,,,,,,,,0,,,,,,,,,,,,,,,,,,,,,,,,,,,,,,,,,,,,,,,,,,,,,,,,,,,,,,,,,,,,,,,,,,,,,,,,,,,,,,,,,,,,,,,,,,,,,,,,,,,,1699142400000.0,0.6149,0.663,0.6137,0.6607,418017252.0,1699228799999.0,267196689.0691,360833.0,209075361.0,133739257.3901
,,,,,,,,,,,0,,,,,,,,,,,,,,,,,,,,,,,,,,,,,,,,,,,,,,,,,,,,,,,,,,,,,,,,,,,,,,,,,,,,,,,,,,,,,,,,,,,,,,,,,,,,,,,,,,,,1699228800000.0,0.6606,0.7324,0.6584,0.7148,703629362.0,1699315199999.0,492269742.4642,663490.0,350754766.0,245377747.6349
,,,,,,,,,,,0,,,,,,,,,,,,,,,,,,,,,,,,,,,,,,,,,,,,,,,,,,,,,,,,,,,,,,,,,,,,,,,,,,,,,,,,,,,,,,,,,,,,,,,,,,,,,,,,,,,,1699315200000.0,0.7147,0.7155,0.65,0.685,618276758.0,1699401599999.0,422309909.7894,568111.0,294568005.0,201273204.7333
,,,,,,,,,,,0,,,,,,,,,,,,,,,,,,,,,,,,,,,,,,,,,,,,,,,,,,,,,,,,,,,,,,,,,,,,,,,,,,,,,,,,,,,,,,,,,,,,,,,,,,,,,,,,,,,,1699401600000.0,0.6851,0.699,0.6725,0.6869,344396095.0,1699487999999.0,236500123.9913,280135.0,170072430.0,116820103.5438
,,,,,,,,,,,0,,,,,,,,,,,,,,,,,,,,,,,,,,,,,,,,,,,,,,,,,,,,,,,,,,,,,,,,,,,,,,,,,,,,,,,,,,,,,,,,,,,,,,,,,,,,,,,,,,,,1699488000000.0,0.6869,0.7069,0.63,0.6665,777778139.0,1699574399999.0,526217501.6202,651477.0,374456359.0,253600383.6898
,,,,,,,,,,,0,,,,,,,,,,,,,,,,,,,,,,,,,,,,,,,,,,,,,,,,,,,,,,,,,,,,,,,,,,,,,,,,,,,,,,,,,,,,,,,,,,,,,,,,,,,,,,,,,,,,1699574400000.0,0.6667,0.6711,0.6359,0.6595,464857348.0,1699660799999.0,305377391.8214,364942.0,220857551.0,145064342.8998
,,,,,,,,,,,0,,,,,,,,,,,,,,,,,,,,,,,,,,,,,,,,,,,,,,,,,,,,,,,,,,,,,,,,,,,,,,,,,,,,,,,,,,,,,,,,,,,,,,,,,,,,,,,,,,,,1699660800000.0,0.6594,0.69,0.6401,0.6626,380232188.0,1699747199999.0,253172843.0691,341763.0,185183300.0,123323826.97
,,,,,,,,,,,0,,,,,,,,,,,,,,,,,,,,,,,,,,,,,,,,,,,,,,,,,,,,,,,,,,,,,,,,,,,,,,,,,,,,,,,,,,,,,,,,,,,,,,,,,,,,,,,,,,,,1699747200000.0,0.6626,0.6709,0.6458,0.6613,216031217.0,1699833599999.0,143035347.164,190874.0,104173060.0,68974565.6207
,,,,,,,,,,,0,,,,,,,,,,,,,,,,,,,,,,,,,,,,,,,,,,,,,,,,,,,,,,,,,,,,,,,,,,,,,,,,,,,,,,,,,,,,,,,,,,,,,,,,,,,,,,,,,,,,1699833600000.0,0.6612,0.75,0.6397,0.6702,749884441.0,1699919999999.0,508338082.6985,879561.0,378308457.0,256754054.3409
,,,,,,,,,,,0,,,,,,,,,,,,,,,,,,,,,,,,,,,,,,,,,,,,,,,,,,,,,,,,,,,,,,,,,,,,,,,,,,,,,,,,,,,,,,,,,,,,,,,,,,,,,,,,,,,,1699920000000.0,0.6701,0.6724,0.5967,0.6296,597417769.0,1700006399999.0,385092136.0451,540206.0,305166494.0,196789982.1862
,,,,,,,,,,,0,,,,,,,,,,,,,,,,,,,,,,,,,,,,,,,,,,,,,,,,,,,,,,,,,,,,,,,,,,,,,,,,,,,,,,,,,,,,,,,,,,,,,,,,,,,,,,,,,,,,1700006400000.0,0.6296,0.6504,0.6251,0.6481,339283800.0,1700092799999.0,215842881.7763,262801.0,165869476.0,105572233.907
,,,,,,,,,,,0,,,,,,,,,,,,,,,,,,,,,,,,,,,,,,,,,,,,,,,,,,,,,,,,,,,,,,,,,,,,,,,,,,,,,,,,,,,,,,,,,,,,,,,,,,,,,,,,,,,,1700092800000.0,0.6482,0.653,0.6033,0.6119,440591531.0,1700179199999.0,278273459.1294,322145.0,220176815.0,139004160.1788
,,,,,,,,,,,0,,,,,,,,,,,,,,,,,,,,,,,,,,,,,,,,,,,,,,,,,,,,,,,,,,,,,,,,,,,,,,,,,,,,,,,,,,,,,,,,,,,,,,,,,,,,,,,,,,,,1700179200000.0,0.6118,0.6244,0.5859,0.6133,368525340.0,1700265599999.0,224298132.849,260314.0,190964501.0,116198896.1141
,,,,,,,,,,,0,,,,,,,,,,,,,,,,,,,,,,,,,,,,,,,,,,,,,,,,,,,,,,,,,,,,,,,,,,,,,,,,,,,,,,,,,,,,,,,,,,,,,,,,,,,,,,,,,,,,1700265600000.0,0.6132,0.6144,0.589,0.6106,192040293.0,1700351999999.0,116218315.9822,128582.0,90551343.0,54790637.6839
,,,,,,,,,,,0,,,,,,,,,,,,,,,,,,,,,,,,,,,,,,,,,,,,,,,,,,,,,,,,,,,,,,,,,,,,,,,,,,,,,,,,,,,,,,,,,,,,,,,,,,,,,,,,,,,,1700352000000.0,0.6106,0.6286,0.6012,0.6258,240044861.0,1700438399999.0,147981860.3146,151463.0,116073515.0,71563829.5031
,,,,,,,,,,,0,,,,,,,,,,,,,,,,,,,,,,,,,,,,,,,,,,,,,,,,,,,,,,,,,,,,,,,,,,,,,,,,,,,,,,,,,,,,,,,,,,,,,,,,,,,,,,,,,,,,1700438400000.0,0.6258,0.6282,0.6061,0.6122,298231745.0,1700524799999.0,184839298.7315,199459.0,152091772.0,94260529.673
,,,,,,,,,,,0,,,,,,,,,,,,,,,,,,,,,,,,,,,,,,,,,,,,,,,,,,,,,,,,,,,,,,,,,,,,,,,,,,,,,,,,,,,,,,,,,,,,,,,,,,,,,,,,,,,,1700524800000.0,0.6121,0.6178,0.5725,0.5788,468850910.0,1700611199999.0,282178604.4259,330524.0,231546977.0,139409026.1208
,,,,,,,,,,,0,,,,,,,,,,,,,,,,,,,,,,,,,,,,,,,,,,,,,,,,,,,,,,,,,,,,,,,,,,,,,,,,,,,,,,,,,,,,,,,,,,,,,,,,,,,,,,,,,,,,1700611200000.0,0.5787,0.6162,0.5774,0.6109,346216216.0,1700697599999.0,206849999.4104,211817.0,179309071.0,107067135.6305
,,,,,,,,,,,0,,,,,,,,,,,,,,,,,,,,,,,,,,,,,,,,,,,,,,,,,,,,,,,,,,,,,,,,,,,,,,,,,,,,,,,,,,,,,,,,,,,,,,,,,,,,,,,,,,,,1700697600000.0,0.6109,0.6238,0.6059,0.6209,305693192.0,1700783999999.0,187962573.1608,215385.0,146645280.0,90183567.3762
,,,,,,,,,,,0,,,,,,,,,,,,,,,,,,,,,,,,,,,,,,,,,,,,,,,,,,,,,,,,,,,,,,,,,,,,,,,,,,,,,,,,,,,,,,,,,,,,,,,,,,,,,,,,,,,,1700784000000.0,0.6208,0.6258,0.6155,0.6212,303149239.0,1700870399999.0,188217852.8961,191965.0,155800661.0,96733653.9998
,,,,,,,,,,,0,,,,,,,,,,,,,,,,,,,,,,,,,,,,,,,,,,,,,,,,,,,,,,,,,,,,,,,,,,,,,,,,,,,,,,,,,,,,,,,,,,,,,,,,,,,,,,,,,,,,1700870400000.0,0.6212,0.6238,0.6157,0.6228,121921267.0,1700956799999.0,75608640.3507,87233.0,58689967.0,36398351.4957
,,,,,,,,,,,0,,,,,,,,,,,,,,,,,,,,,,,,,,,,,,,,,,,,,,,,,,,,,,,,,,,,,,,,,,,,,,,,,,,,,,,,,,,,,,,,,,,,,,,,,,,,,,,,,,,,1700956800000.0,0.6228,0.6375,0.6064,0.6157,266307412.0,1701043199999.0,165803435.5441,197951.0,129732251.0,80789647.7627
,,,,,,,,,,,0,,,,,,,,,,,,,,,,,,,,,,,,,,,,,,,,,,,,,,,,,,,,,,,,,,,,,,,,,,,,,,,,,,,,,,,,,,,,,,,,,,,,,,,,,,,,,,,,,,,,1701043200000.0,0.6157,0.6168,0.5937,0.6039,309411406.0,1701129599999.0,187249018.3748,209511.0,153721976.0,93031648.4325
,,,,,,,,,,,0,,,,,,,,,,,,,,,,,,,,,,,,,,,,,,,,,,,,,,,,,,,,,,,,,,,,,,,,,,,,,,,,,,,,,,,,,,,,,,,,,,,,,,,,,,,,,,,,,,,,1701129600000.0,0.6039,0.6139,0.5957,0.6107,286127938.0,1701215999999.0,173255085.9256,168089.0,148449420.0,89890904.0693
,,,,,,,,,,,0,,,,,,,,,,,,,,,,,,,,,,,,,,,,,,,,,,,,,,,,,,,,,,,,,,,,,,,,,,,,,,,,,,,,,,,,,,,,,,,,,,,,,,,,,,,,,,,,,,,,1701216000000.0,0.6106,0.617,0.604,0.6091,235341461.0,1701302399999.0,143645522.7884,135873.0,116082900.0,70856440.6012
,,,,,,,,,,,0,,,,,,,,,,,,,,,,,,,,,,,,,,,,,,,,,,,,,,,,,,,,,,,,,,,,,,,,,,,,,,,,,,,,,,,,,,,,,,,,,,,,,,,,,,,,,,,,,,,,1701302400000.0,0.609,0.6099,0.5982,0.6063,232714430.0,1701388799999.0,140561709.3205,134889.0,110261513.0,66597217.9864
